#stokes,freq,ind,real,imag,eta
5,2052,0,308.24619380,0.00666430,1.11000000
5,2052,1,2.26431310,17.30392770,1.11000000
5,2052,2,-19.20709580,13.47632230,1.11000000
5,2052,3,-231.35016600,-45.99100640,1.11000000
5,2052,4,-155.17504220,-11.02611510,1.11000000
5,2052,5,7.64278430,0.86905820,1.11000000
5,2052,6,-2.45807140,1.61363580,1.11000000
5,2052,7,0.99685550,-13.97308510,1.11000000
5,2052,8,-16.40438960,14.23927920,1.11000000
5,2052,9,37.13369170,-31.70055870,1.11000000
5,2052,10,408.00419130,83.45891860,1.11000000
5,2052,11,-29.76814410,-5.77407880,1.11000000
5,2052,12,-235.06041780,22.37340860,1.11000000
5,2052,13,1.88475740,-1.39876140,1.11000000
5,2052,14,-54.53442990,0.83645970,1.11000000
5,2052,15,-0.27809840,1.18791210,1.11000000
5,2052,16,2.51718520,-3.63346520,1.11000000
5,2052,17,-2.27845240,-6.62801640,1.11000000
5,2052,18,-9.22044310,10.56374280,1.11000000
5,2052,19,21.03446130,-16.97190560,1.11000000
5,2052,20,-0.60399430,4.52818880,1.11000000
5,2052,21,85.65915040,15.85896660,1.11000000
5,2052,22,29.13342160,2.49023030,1.11000000
5,2052,23,29.13436030,5.74821060,1.11000000
5,2052,24,112.44808940,-2.50344090,1.11000000
5,2052,25,-11.98903400,1.15820060,1.11000000
5,2052,26,88.53657200,-3.46373610,1.11000000
5,2052,27,-0.73414160,0.71041190,1.11000000
5,2052,28,-0.27102400,-1.55082990,1.11000000
5,2052,29,-0.50202280,1.43178850,1.11000000
5,2052,30,-0.14660950,-0.62243370,1.11000000
5,2052,31,0.01954120,6.41988530,1.11000000
5,2052,32,-6.39216160,-6.92984520,1.11000000
5,2052,33,5.94257010,-6.08189010,1.11000000
5,2052,34,0.18535320,-2.27177940,1.11000000
5,2052,35,-21.13396860,16.94415980,1.11000000
5,2052,36,-21.49664350,-0.48488690,1.11000000
5,2052,37,1.95602080,0.78774030,1.11000000
5,2052,38,-4.77209180,-0.45330600,1.11000000
5,2052,39,3.23656850,0.58792160,1.11000000
5,2052,40,-18.51418780,-13.20854280,1.11000000
5,2052,41,5.52001300,1.02247630,1.11000000
5,2052,42,-56.97642790,5.71477440,1.11000000
5,2052,43,-1.51734720,-1.49332650,1.11000000
5,2052,44,-47.34994290,0.99705210,1.11000000
5,2052,45,0.15555900,-0.03677300,1.11000000
5,2052,46,0.89119600,-0.33131760,1.11000000
5,2052,47,0.47265000,-1.64070120,1.11000000
5,2052,48,-0.66084830,4.35051470,1.11000000
5,2052,49,1.17273710,-0.45206590,1.11000000
5,2052,50,2.38265810,8.95760370,1.11000000
5,2052,51,1.30533200,1.68662210,1.11000000
5,2052,52,0.37387900,0.38813780,1.11000000
5,2052,53,-4.18757630,3.45848260,1.11000000
5,2052,54,7.65673330,-6.75637650,1.11000000
5,2052,55,2.22588390,0.27626160,1.11000000
5,2052,56,13.92139790,-0.98764800,1.11000000
5,2052,57,0.10634940,0.23348110,1.11000000
5,2052,58,-5.68450730,0.68079550,1.11000000
5,2052,59,-0.64513860,-0.84990400,1.11000000
5,2052,60,37.03176560,12.22317500,1.11000000
5,2052,61,2.81246320,-2.21729380,1.11000000
5,2052,62,-3.40680790,0.25470700,1.11000000
5,2052,63,3.05989750,0.48631040,1.11000000
5,2052,64,64.51727240,-1.31040090,1.11000000
5,2052,65,0.28026330,0.17546690,1.11000000
8,2052,0,302.12582530,-0.03371960,1.11000000
8,2052,1,-0.64896010,-33.52139710,1.11000000
8,2052,2,-20.74561520,59.54357510,1.11000000
8,2052,3,-495.54289970,-118.32427010,1.11000000
8,2052,4,-168.19075080,-10.27401340,1.11000000
8,2052,5,7.90665230,0.11392820,1.11000000
8,2052,6,-1.58828950,-4.04729780,1.11000000
8,2052,7,-0.20263990,35.40109690,1.11000000
8,2052,8,-17.71687560,43.71102940,1.11000000
8,2052,9,40.32539210,-112.37328880,1.11000000
8,2052,10,892.34142960,215.13417330,1.11000000
8,2052,11,-50.72344780,-13.27419560,1.11000000
8,2052,12,-232.08102940,22.47566750,1.11000000
8,2052,13,1.70302670,-0.73329660,1.11000000
8,2052,14,-51.11348100,0.81297460,1.11000000
8,2052,15,1.02297970,2.66625110,1.11000000
8,2052,16,1.68353220,4.05495830,1.11000000
8,2052,17,2.44435990,4.93014640,1.11000000
8,2052,18,-10.60634430,30.76405960,1.11000000
8,2052,19,23.13284450,-61.54029170,1.11000000
8,2052,20,-0.16734940,2.49508200,1.11000000
8,2052,21,195.49717310,45.93307520,1.11000000
8,2052,22,26.92005210,7.89996430,1.11000000
8,2052,23,63.58414620,15.30461480,1.11000000
8,2052,24,118.76952570,-4.06416600,1.11000000
8,2052,25,-10.88988450,1.68910620,1.11000000
8,2052,26,84.57784330,-3.33771620,1.11000000
8,2052,27,0.07970970,0.70372440,1.11000000
8,2052,28,-0.43359060,-4.72497640,1.11000000
8,2052,29,-2.09832990,-0.60846460,1.11000000
8,2052,30,-0.08105530,-1.06489660,1.11000000
8,2052,31,-2.20777760,-10.47719410,1.11000000
8,2052,32,-6.01617110,2.85650890,1.11000000
8,2052,33,6.59651460,-19.59364590,1.11000000
8,2052,34,0.27135520,-0.28127830,1.11000000
8,2052,35,-22.84100590,62.17322790,1.11000000
8,2052,36,-12.28392230,-3.30648570,1.11000000
8,2052,37,9.77045080,2.81845000,1.11000000
8,2052,38,-7.65555580,-2.03276100,1.11000000
8,2052,39,8.13699570,1.90787690,1.11000000
8,2052,40,-15.83445520,-12.51180630,1.11000000
8,2052,41,5.41260320,0.49789210,1.11000000
8,2052,42,-57.13441070,5.48214060,1.11000000
8,2052,43,-3.04494310,-1.60533620,1.11000000
8,2052,44,-46.35357190,0.72697240,1.11000000
8,2052,45,0.84893460,3.14680800,1.11000000
8,2052,46,1.30978490,4.71867410,1.11000000
8,2052,47,1.29530490,1.27443480,1.11000000
8,2052,48,-0.51248910,-1.48055970,1.11000000
8,2052,49,1.60775220,1.39969960,1.11000000
8,2052,50,1.95400390,9.54422010,1.11000000
8,2052,51,1.24706110,-0.58002680,1.11000000
8,2052,52,-0.06658560,-0.56959930,1.11000000
8,2052,53,-4.55283390,12.37211030,1.11000000
8,2052,54,8.12023090,-23.34801660,1.11000000
8,2052,55,1.68734070,-0.12097050,1.11000000
8,2052,56,-2.03376290,0.23421560,1.11000000
8,2052,57,-1.84526810,0.05634460,1.11000000
8,2052,58,2.00705470,0.03257140,1.11000000
8,2052,59,-0.89689590,-1.32009820,1.11000000
8,2052,60,34.97093620,12.32348090,1.11000000
8,2052,61,2.14747000,-2.24877840,1.11000000
8,2052,62,-0.40564980,0.26443330,1.11000000
8,2052,63,4.67462070,0.39179520,1.11000000
8,2052,64,70.74426210,-1.21170450,1.11000000
8,2052,65,1.58121350,0.57972260,1.11000000
5,2180,0,241.94728140,-0.01228390,1.10000000
5,2180,1,0.37329510,5.06059380,1.10000000
5,2180,2,-11.58070640,-92.70960310,1.10000000
5,2180,3,288.53654450,-192.10576670,1.10000000
5,2180,4,-106.71036990,-5.53906490,1.10000000
5,2180,5,27.60844820,-0.18665830,1.10000000
5,2180,6,-0.24649820,1.88481920,1.10000000
5,2180,7,0.82723520,4.98386860,1.10000000
5,2180,8,-8.50079040,-11.63748030,1.10000000
5,2180,9,19.09241520,79.77901550,1.10000000
5,2180,10,-533.15829950,343.72844410,1.10000000
5,2180,11,52.39128020,-21.97637120,1.10000000
5,2180,12,-187.99288900,13.71005700,1.10000000
5,2180,13,-13.68779490,5.25146110,1.10000000
5,2180,14,-43.75979410,-3.44787960,1.10000000
5,2180,15,1.51843390,1.16898400,1.10000000
5,2180,16,0.65996840,-1.70752670,1.10000000
5,2180,17,1.60430680,-7.50078320,1.10000000
5,2180,18,2.67577100,-7.44904640,1.10000000
5,2180,19,11.81523380,30.65918430,1.10000000
5,2180,20,1.70397090,16.19828880,1.10000000
5,2180,21,-100.05487240,71.18958570,1.10000000
5,2180,22,-11.38879940,13.90682960,1.10000000
5,2180,23,-35.87323440,24.46795850,1.10000000
5,2180,24,83.86137640,-0.55309120,1.10000000
5,2180,25,-0.87580880,-2.55539040,1.10000000
5,2180,26,76.00577550,-0.97725730,1.10000000
5,2180,27,-5.51738440,-1.06195860,1.10000000
5,2180,28,-0.97077810,-0.26325020,1.10000000
5,2180,29,-3.47020640,-0.69980250,1.10000000
5,2180,30,-3.55937040,2.02882880,1.10000000
5,2180,31,-5.57808150,-1.52633640,1.10000000
5,2180,32,-8.23369310,-29.90090880,1.10000000
5,2180,33,2.63938830,15.28120450,1.10000000
5,2180,34,0.10230150,-11.69648130,1.10000000
5,2180,35,-10.07333710,-40.62136550,1.10000000
5,2180,36,-3.87077880,-4.96562980,1.10000000
5,2180,37,-3.27018570,2.86675150,1.10000000
5,2180,38,-3.56131160,0.86023710,1.10000000
5,2180,39,-3.23079840,2.89318510,1.10000000
5,2180,40,-14.46577810,-13.67421790,1.10000000
5,2180,41,-0.98884380,-3.60111010,1.10000000
5,2180,42,-30.15332110,6.17816100,1.10000000
5,2180,43,-0.60685680,2.69113800,1.10000000
5,2180,44,-36.16635500,3.60318510,1.10000000
5,2180,45,-1.26647950,-0.29785180,1.10000000
5,2180,46,-1.28803000,-3.90119890,1.10000000
5,2180,47,3.27868130,3.77490470,1.10000000
5,2180,48,2.09697080,-0.44146450,1.10000000
5,2180,49,3.16976090,4.22039890,1.10000000
5,2180,50,-1.07446160,17.56425100,1.10000000
5,2180,51,1.50434440,5.62608210,1.10000000
5,2180,52,0.99307660,7.17081710,1.10000000
5,2180,53,-2.12140190,-8.18457280,1.10000000
5,2180,54,2.34611490,15.41035130,1.10000000
5,2180,55,0.67257540,1.65496910,1.10000000
5,2180,56,9.00926500,-1.07820630,1.10000000
5,2180,57,-0.26491080,-0.31397290,1.10000000
5,2180,58,-1.24460670,-2.95586120,1.10000000
5,2180,59,2.60854090,0.00680850,1.10000000
5,2180,60,35.93505280,10.06662250,1.10000000
5,2180,61,7.96542450,2.82874080,1.10000000
5,2180,62,3.88903850,-4.60766440,1.10000000
5,2180,63,7.04332760,1.90708380,1.10000000
5,2180,64,62.24075500,0.08968210,1.10000000
5,2180,65,-0.92256790,2.05674530,1.10000000
8,2180,0,253.13693090,2.25748540,1.10000000
8,2180,1,0.30129210,-40.65166290,1.10000000
8,2180,2,-16.55715490,41.25542500,1.10000000
8,2180,3,92.42135840,-95.84390380,1.10000000
8,2180,4,-130.11901950,-4.42796700,1.10000000
8,2180,5,12.07306930,2.94063970,1.10000000
8,2180,6,0.97487960,-7.91250540,1.10000000
8,2180,7,-1.89514540,47.74727670,1.10000000
8,2180,8,-15.47895780,70.34500590,1.10000000
8,2180,9,33.85827470,-120.32193970,1.10000000
8,2180,10,-171.37776880,176.80505940,1.10000000
8,2180,11,41.30650750,-13.47983310,1.10000000
8,2180,12,-186.57061580,12.10838850,1.10000000
8,2180,13,1.02686270,1.40235580,1.10000000
8,2180,14,-50.37955770,-0.23368930,1.10000000
8,2180,15,2.43072190,2.17257450,1.10000000
8,2180,16,0.98853640,5.43836750,1.10000000
8,2180,17,8.76857840,5.66388940,1.10000000
8,2180,18,-4.35630280,41.18413550,1.10000000
8,2180,19,20.31741780,-60.92934100,1.10000000
8,2180,20,2.28449180,8.22090050,1.10000000
8,2180,21,-9.70710600,35.45877790,1.10000000
8,2180,22,-10.48809250,4.09856370,1.10000000
8,2180,23,-9.33917770,12.45677170,1.10000000
8,2180,24,90.63551730,-2.01049870,1.10000000
8,2180,25,-9.48257070,-1.73707650,1.10000000
8,2180,26,75.16359800,-1.64600300,1.10000000
8,2180,27,-7.58665890,-0.28652510,1.10000000
8,2180,28,-0.73788620,-4.14202110,1.10000000
8,2180,29,-2.57032940,-4.47172070,1.10000000
8,2180,30,-1.30821470,2.67338160,1.10000000
8,2180,31,-7.70877060,-18.96604040,1.10000000
8,2180,32,-8.47835980,-12.38834700,1.10000000
8,2180,33,4.65878060,-22.85511420,1.10000000
8,2180,34,-1.89405000,-12.19983040,1.10000000
8,2180,35,-20.47423540,61.52958750,1.10000000
8,2180,36,1.89679460,-1.66807180,1.10000000
8,2180,37,-0.15574040,3.89631170,1.10000000
8,2180,38,-7.05311390,-0.47950220,1.10000000
8,2180,39,1.05552300,1.55331780,1.10000000
8,2180,40,-13.92447300,-11.38739340,1.10000000
8,2180,41,-0.09220620,0.41184400,1.10000000
8,2180,42,-27.88299520,5.60293490,1.10000000
8,2180,43,3.57320050,-1.11278740,1.10000000
8,2180,44,-29.16985420,-1.09386910,1.10000000
8,2180,45,2.26298340,1.54344650,1.10000000
8,2180,46,1.17011790,1.93801310,1.10000000
8,2180,47,2.00956890,5.22975580,1.10000000
8,2180,48,0.15634930,-3.36239670,1.10000000
8,2180,49,1.27328850,7.83319910,1.10000000
8,2180,50,0.75789340,19.44548490,1.10000000
8,2180,51,2.38575630,3.12095880,1.10000000
8,2180,52,1.71838310,10.37965720,1.10000000
8,2180,53,-3.75353550,13.07074940,1.10000000
8,2180,54,5.75859390,-28.42968340,1.10000000
8,2180,55,2.86204510,-0.69551850,1.10000000
8,2180,56,-3.94192880,0.42679180,1.10000000
8,2180,57,1.08468170,-1.06185190,1.10000000
8,2180,58,3.89678540,-0.85695280,1.10000000
8,2180,59,1.97858670,0.20489080,1.10000000
8,2180,60,33.70124140,9.52510300,1.10000000
8,2180,61,8.63734270,-0.36513490,1.10000000
8,2180,62,3.03431460,-1.79630590,1.10000000
8,2180,63,6.24344490,1.24693140,1.10000000
8,2180,64,63.59248530,-0.26431930,1.10000000
8,2180,65,1.31394810,0.26711040,1.10000000
5,2308,0,226.96673200,1.99413320,1.14000000
5,2308,1,0.96247680,13.90845340,1.14000000
5,2308,2,-1.45310190,-85.64014170,1.14000000
5,2308,3,437.93533480,202.43948400,1.14000000
5,2308,4,-104.81275450,-3.96269090,1.14000000
5,2308,5,1.60010890,0.11237880,1.14000000
5,2308,6,1.17429280,4.73390460,1.14000000
5,2308,7,-0.88213020,-13.08212110,1.14000000
5,2308,8,14.58807450,-65.64187570,1.14000000
5,2308,9,-8.04835240,172.76784010,1.14000000
5,2308,10,-787.26097780,-365.23957400,1.14000000
5,2308,11,55.47458770,17.91033350,1.14000000
5,2308,12,-156.42738030,8.40588110,1.14000000
5,2308,13,7.00323970,-2.84235370,1.14000000
5,2308,14,-39.04929070,-3.13465590,1.14000000
5,2308,15,0.93860360,4.34674730,1.14000000
5,2308,16,0.26227530,-1.74768450,1.14000000
5,2308,17,1.30630970,-1.28256340,1.14000000
5,2308,18,-0.38012720,-27.70872430,1.14000000
5,2308,19,-18.07046550,85.13664340,1.14000000
5,2308,20,-0.43247410,5.25479350,1.14000000
5,2308,21,-157.59159620,-83.05335870,1.14000000
5,2308,22,-19.06619900,-10.80894350,1.14000000
5,2308,23,-54.08304710,-26.30889450,1.14000000
5,2308,24,60.75598180,1.80253950,1.14000000
5,2308,25,-18.13817500,0.42029970,1.14000000
5,2308,26,83.74090610,2.15753790,1.14000000
5,2308,27,5.60259830,1.32740590,1.14000000
5,2308,28,-1.78448370,5.39995080,1.14000000
5,2308,29,-3.04621990,-3.83887640,1.14000000
5,2308,30,-0.87627200,-2.64713630,1.14000000
5,2308,31,0.78524220,1.21291590,1.14000000
5,2308,32,2.76782960,-40.03932960,1.14000000
5,2308,33,2.05565380,19.68076330,1.14000000
5,2308,34,1.63697880,-2.05842810,1.14000000
5,2308,35,5.98321450,-89.70508780,1.14000000
5,2308,36,2.13054200,3.81107260,1.14000000
5,2308,37,-7.78434770,-3.97545960,1.14000000
5,2308,38,-2.96833650,4.81985740,1.14000000
5,2308,39,-5.78118690,-3.64508530,1.14000000
5,2308,40,-12.05167250,-11.83715080,1.14000000
5,2308,41,9.57683310,3.60377340,1.14000000
5,2308,42,-27.96874610,1.77289460,1.14000000
5,2308,43,-3.10569940,-1.79059370,1.14000000
5,2308,44,-25.54885230,0.36592520,1.14000000
5,2308,45,-1.19941710,-0.96581580,1.14000000
5,2308,46,1.97262440,-5.06909350,1.14000000
5,2308,47,3.11134820,3.58504090,1.14000000
5,2308,48,-0.25701800,4.94009570,1.14000000
5,2308,49,-2.32795800,2.69244830,1.14000000
5,2308,50,0.41622950,21.63994990,1.14000000
5,2308,51,0.18661040,10.40113210,1.14000000
5,2308,52,-0.99445910,-0.81051750,1.14000000
5,2308,53,1.69065830,-17.64409580,1.14000000
5,2308,54,-2.37021320,37.48621480,1.14000000
5,2308,55,3.08354060,1.01798360,1.14000000
5,2308,56,8.92099870,3.62087760,1.14000000
5,2308,57,2.47603270,-1.85940800,1.14000000
5,2308,58,3.52934280,-1.51540390,1.14000000
5,2308,59,1.30733170,1.29531880,1.14000000
5,2308,60,39.08499700,7.47932350,1.14000000
5,2308,61,1.78140650,-3.84336080,1.14000000
5,2308,62,-0.59382980,0.32018570,1.14000000
5,2308,63,4.61626320,3.10752760,1.14000000
5,2308,64,61.07025790,-1.05904950,1.14000000
5,2308,65,3.44345620,-2.65715500,1.14000000
8,2308,0,-41.15958880,4.41071100,1.14000000
8,2308,1,2.67951320,16.48926500,1.14000000
8,2308,2,3.65800310,27.28107720,1.14000000
8,2308,3,-2.51269990,-0.19305260,1.14000000
8,2308,4,80.42460210,15.31418960,1.14000000
8,2308,5,55.76035850,-1.22190840,1.14000000
8,2308,6,-1.26967440,-7.33857330,1.14000000
8,2308,7,-0.54777980,-4.21138140,1.14000000
8,2308,8,0.54042930,-15.49632750,1.14000000
8,2308,9,-1.75493630,30.21203700,1.14000000
8,2308,10,-0.67046720,0.10350300,1.14000000
8,2308,11,-0.01751500,0.00087180,1.14000000
8,2308,12,-6.46908450,-2.55441070,1.14000000
8,2308,13,-11.74354390,0.13387910,1.14000000
8,2308,14,-48.82789580,-8.06298880,1.14000000
8,2308,15,0.12069440,1.10835850,1.14000000
8,2308,16,0.18065860,1.90734650,1.14000000
8,2308,17,0.00600630,-0.30053150,1.14000000
8,2308,18,-0.19218780,-2.51533280,1.14000000
8,2308,19,0.44162750,-0.99196140,1.14000000
8,2308,20,-0.36499590,2.50173630,1.14000000
8,2308,21,-0.21498430,0.01387990,1.14000000
8,2308,22,0.07965880,0.03850980,1.14000000
8,2308,23,-0.06855480,0.00450990,1.14000000
8,2308,24,-0.47250700,0.17316450,1.14000000
8,2308,25,1.51568450,-0.02987510,1.14000000
8,2308,26,8.73549530,1.37942440,1.14000000
8,2308,27,1.21783620,0.15818800,1.14000000
8,2308,28,0.04676490,-0.28094240,1.14000000
8,2308,29,-0.04666410,-0.05521500,1.14000000
8,2308,30,-0.02544180,-0.36759460,1.14000000
8,2308,31,0.02779020,0.26186250,1.14000000
8,2308,32,-0.03786890,0.16253690,1.14000000
8,2308,33,0.03512780,1.95892840,1.14000000
8,2308,34,0.10090150,-0.33035950,1.14000000
8,2308,35,-0.12109790,-3.56753260,1.14000000
8,2308,36,0.03043130,-0.02768500,1.14000000
8,2308,37,-0.07329240,0.00461140,1.14000000
8,2308,38,0.01520850,-0.01385700,1.14000000
8,2308,39,-0.02387530,0.00151590,1.14000000
8,2308,40,-0.04637610,-0.07001950,1.14000000
8,2308,41,-0.44672880,0.00760490,1.14000000
8,2308,42,-1.58755670,-0.30405920,1.14000000
8,2308,43,-0.42069840,-0.00851000,1.14000000
8,2308,44,-1.08396790,-0.23002050,1.14000000
8,2308,45,0.01645130,0.00407720,1.14000000
8,2308,46,-0.00401500,0.14235610,1.14000000
8,2308,47,0.00948940,-0.04328380,1.14000000
8,2308,48,0.01056980,0.15431030,1.14000000
8,2308,49,-0.01430830,-0.13659730,1.14000000
8,2308,50,0.00361280,-0.43066280,1.14000000
8,2308,51,0.01156510,-0.23575080,1.14000000
8,2308,52,-0.02776090,-0.05077830,1.14000000
8,2308,53,-0.03598790,-0.72479240,1.14000000
8,2308,54,0.02964370,1.53603840,1.14000000
8,2308,55,0.01735930,-0.00136160,1.14000000
8,2308,56,0.00461920,0.01018660,1.14000000
8,2308,57,0.01839270,-0.00111090,1.14000000
8,2308,58,0.00230120,0.00507550,1.14000000
8,2308,59,0.00458640,-0.00031280,1.14000000
8,2308,60,0.06966300,0.03459720,1.14000000
8,2308,61,0.18313690,-0.00302650,1.14000000
8,2308,62,0.46200690,0.10462360,1.14000000
8,2308,63,0.17820170,0.00045620,1.14000000
8,2308,64,0.75085670,0.13375360,1.14000000
8,2308,65,0.16749500,0.00740880,1.14000000
5,2436,0,226.08543840,0.06159140,1.10000000
5,2436,1,1.10830830,16.45501550,1.10000000
5,2436,2,-15.70376920,34.60807640,1.10000000
5,2436,3,195.39438650,17.57215320,1.10000000
5,2436,4,-113.55830920,-1.23390140,1.10000000
5,2436,5,5.35308210,0.48949860,1.10000000
5,2436,6,-1.54317640,2.17773280,1.10000000
5,2436,7,0.45607990,-10.58574240,1.10000000
5,2436,8,-15.44797020,39.53460800,1.10000000
5,2436,9,32.74949160,-81.96110850,1.10000000
5,2436,10,-352.57513340,-29.86241850,1.10000000
5,2436,11,19.12302190,4.05871800,1.10000000
5,2436,12,-156.48644240,13.20962950,1.10000000
5,2436,13,2.40243280,-0.30212530,1.10000000
5,2436,14,-33.39205190,-0.37336530,1.10000000
5,2436,15,0.31687390,1.74145030,1.10000000
5,2436,16,1.76762220,-2.50209940,1.10000000
5,2436,17,-1.18505120,-5.35302960,1.10000000
5,2436,18,-9.74768030,36.88167040,1.10000000
5,2436,19,19.36688610,-47.96470620,1.10000000
5,2436,20,0.05196160,1.93031040,1.10000000
5,2436,21,-69.97776670,-3.53379960,1.10000000
5,2436,22,-3.96314640,-2.10185320,1.10000000
5,2436,23,-24.36487380,-1.85330100,1.10000000
5,2436,24,70.06471740,-5.26057070,1.10000000
5,2436,25,-4.38682220,-0.06874720,1.10000000
5,2436,26,70.34659260,-3.07441080,1.10000000
5,2436,27,-1.07990090,-0.68411350,1.10000000
5,2436,28,-0.72517730,-0.01392480,1.10000000
5,2436,29,-0.59980980,-0.58552960,1.10000000
5,2436,30,0.21850080,-3.83235910,1.10000000
5,2436,31,0.30096930,-2.28088390,1.10000000
5,2436,32,-2.60011810,-17.82248030,1.10000000
5,2436,33,5.35638900,-18.63558180,1.10000000
5,2436,34,0.67222840,-2.23811760,1.10000000
5,2436,35,-18.91697900,46.41751510,1.10000000
5,2436,36,-4.71242780,0.07296760,1.10000000
5,2436,37,-7.04001380,-0.90534500,1.10000000
5,2436,38,-1.58655440,-0.52763940,1.10000000
5,2436,39,-2.88220340,-0.03098320,1.10000000
5,2436,40,-23.82692650,-12.92038200,1.10000000
5,2436,41,-3.30260260,-0.11473530,1.10000000
5,2436,42,-31.97246640,2.11725340,1.10000000
5,2436,43,-3.52896110,-0.76956650,1.10000000
5,2436,44,-32.09669050,-1.33704680,1.10000000
5,2436,45,0.19981900,-0.95841360,1.10000000
5,2436,46,1.26993360,-0.93231710,1.10000000
5,2436,47,-0.46738120,1.89309360,1.10000000
5,2436,48,-0.32590920,6.96266000,1.10000000
5,2436,49,-0.16172740,4.82470520,1.10000000
5,2436,50,-2.78168930,21.04007950,1.10000000
5,2436,51,-0.91979850,4.26914060,1.10000000
5,2436,52,-1.12619860,2.77706450,1.10000000
5,2436,53,-3.67309770,9.36508210,1.10000000
5,2436,54,6.38624980,-17.19386770,1.10000000
5,2436,55,2.81972350,-0.19878440,1.10000000
5,2436,56,14.25467490,-0.44215320,1.10000000
5,2436,57,1.09542000,0.81856190,1.10000000
5,2436,58,3.60209740,1.23579010,1.10000000
5,2436,59,2.11716240,-0.33010140,1.10000000
5,2436,60,41.66059570,10.83707700,1.10000000
5,2436,61,3.57327600,0.27153650,1.10000000
5,2436,62,-4.33695670,0.54983690,1.10000000
5,2436,63,5.30120320,1.27345820,1.10000000
5,2436,64,49.44840810,-1.38849580,1.10000000
5,2436,65,-0.88587920,0.30008030,1.10000000
8,2436,0,222.08983000,0.19150930,1.10000000
8,2436,1,0.64011700,-18.86146230,1.10000000
8,2436,2,-11.71751990,28.82115590,1.10000000
8,2436,3,137.97035200,56.21944070,1.10000000
8,2436,4,-122.00106090,-1.20005860,1.10000000
8,2436,5,6.55385730,0.35937450,1.10000000
8,2436,6,-1.35124100,-0.62616790,1.10000000
8,2436,7,-0.56784550,20.49383320,1.10000000
8,2436,8,-9.68612890,19.25635220,1.10000000
8,2436,9,22.12529430,-54.66301170,1.10000000
8,2436,10,-245.56874820,-97.77275230,1.10000000
8,2436,11,12.40393590,8.14627780,1.10000000
8,2436,12,-155.70582620,12.91589390,1.10000000
8,2436,13,2.19894850,-0.47509610,1.10000000
8,2436,14,-33.02977820,-0.76443170,1.10000000
8,2436,15,1.25145720,3.13604250,1.10000000
8,2436,16,1.59983340,2.12117670,1.10000000
8,2436,17,0.58308900,1.92281090,1.10000000
8,2436,18,-6.56257840,24.85746280,1.10000000
8,2436,19,13.49661730,-30.76081280,1.10000000
8,2436,20,0.23325920,1.23567460,1.10000000
8,2436,21,-50.09726890,-17.51860880,1.10000000
8,2436,22,-7.89669670,-4.52443830,1.10000000
8,2436,23,-17.42398970,-6.59208410,1.10000000
8,2436,24,74.18644770,-6.24627710,1.10000000
8,2436,25,-5.43132190,-0.35172470,1.10000000
8,2436,26,70.89407480,-2.98903990,1.10000000
8,2436,27,-0.79139760,-0.68616400,1.10000000
8,2436,28,-0.61498490,-2.07479880,1.10000000
8,2436,29,-1.30353170,-4.23626940,1.10000000
8,2436,30,0.25694650,-4.11314570,1.10000000
8,2436,31,-1.24125380,-11.19767470,1.10000000
8,2436,32,-1.66641080,-17.08858230,1.10000000
8,2436,33,3.11318890,-13.09644490,1.10000000
8,2436,34,0.26969810,-1.23563260,1.10000000
8,2436,35,-12.96882440,30.17966080,1.10000000
8,2436,36,6.22620170,0.82678960,1.10000000
8,2436,37,-6.94961470,-1.04696290,1.10000000
8,2436,38,-1.90472110,-1.12523640,1.10000000
8,2436,39,-2.16739650,-0.52715580,1.10000000
8,2436,40,-23.00425880,-12.65677720,1.10000000
8,2436,41,-3.25235890,0.25508080,1.10000000
8,2436,42,-34.94406040,2.64965310,1.10000000
8,2436,43,-4.16182270,-0.90253360,1.10000000
8,2436,44,-31.23142590,-1.49979060,1.10000000
8,2436,45,0.65791300,1.57715790,1.10000000
8,2436,46,1.11284270,3.01474920,1.10000000
8,2436,47,0.07997600,3.95938130,1.10000000
8,2436,48,-0.75242750,5.68437840,1.10000000
8,2436,49,0.15760110,7.44145740,1.10000000
8,2436,50,-2.25471850,20.52085080,1.10000000
8,2436,51,-0.92288190,3.49134410,1.10000000
8,2436,52,-0.85440380,1.01562520,1.10000000
8,2436,53,-2.48080380,6.15310630,1.10000000
8,2436,54,4.42075780,-11.42126150,1.10000000
8,2436,55,1.77542530,0.09087510,1.10000000
8,2436,56,-3.08905660,0.52552990,1.10000000
8,2436,57,1.61467330,0.72038410,1.10000000
8,2436,58,7.29122630,1.62700350,1.10000000
8,2436,59,1.48971580,0.58464320,1.10000000
8,2436,60,42.48196210,12.00580500,1.10000000
8,2436,61,3.73648950,0.27424670,1.10000000
8,2436,62,-6.53128170,0.23662830,1.10000000
8,2436,63,4.93357170,1.01864580,1.10000000
8,2436,64,49.54058680,-1.18515810,1.10000000
8,2436,65,0.20395110,0.77891420,1.10000000
5,2564,0,211.08961430,0.01239340,1.08000000
5,2564,1,0.70284370,15.23649540,1.08000000
5,2564,2,-13.19179850,-16.14908750,1.08000000
5,2564,3,-108.71400390,-36.01857730,1.08000000
5,2564,4,-84.40742440,-1.18108300,1.08000000
5,2564,5,4.84008890,0.09841160,1.08000000
5,2564,6,-1.99628100,2.04716980,1.08000000
5,2564,7,0.61918060,-6.77078690,1.08000000
5,2564,8,-12.08251660,-17.71811600,1.08000000
5,2564,9,25.50422120,35.04909770,1.08000000
5,2564,10,193.84806770,65.40932820,1.08000000
5,2564,11,-7.59948380,-3.04015990,1.08000000
5,2564,12,-140.31408690,16.05293800,1.08000000
5,2564,13,2.86011260,-0.64889590,1.08000000
5,2564,14,-39.15403560,-1.63305170,1.08000000
5,2564,15,0.61929510,-0.62471640,1.08000000
5,2564,16,2.24729370,-2.81009240,1.08000000
5,2564,17,-1.04299210,-6.86010490,1.08000000
5,2564,18,-6.84556580,-0.21992990,1.08000000
5,2564,19,15.03664670,19.58515710,1.08000000
5,2564,20,-0.27616170,0.35883400,1.08000000
5,2564,21,50.42998820,15.07562180,1.08000000
5,2564,22,10.73148170,1.39757420,1.08000000
5,2564,23,14.80449990,4.73974000,1.08000000
5,2564,24,44.00081200,-9.68783960,1.08000000
5,2564,25,-4.46997280,0.32519860,1.08000000
5,2564,26,60.71177040,-3.21757330,1.08000000
5,2564,27,-3.09562780,-0.44356460,1.08000000
5,2564,28,-0.54274550,0.93911940,1.08000000
5,2564,29,-1.18350060,1.83608530,1.08000000
5,2564,30,-0.39057800,-1.72851370,1.08000000
5,2564,31,-0.37420610,-3.26710490,1.08000000
5,2564,32,-3.49770880,-23.32223640,1.08000000
5,2564,33,3.64011220,-0.03135250,1.08000000
5,2564,34,0.45772800,-1.17838920,1.08000000
5,2564,35,-14.49686520,-20.13624920,1.08000000
5,2564,36,-13.78355210,-1.43997730,1.08000000
5,2564,37,1.59447640,0.13177540,1.08000000
5,2564,38,-4.22094540,-0.19276760,1.08000000
5,2564,39,2.37112710,0.64968490,1.08000000
5,2564,40,-37.94624150,-10.08014630,1.08000000
5,2564,41,-2.12657370,0.48142000,1.08000000
5,2564,42,-25.80485380,2.61402090,1.08000000
5,2564,43,-1.82963280,-0.07080380,1.08000000
5,2564,44,-39.59199660,-1.52246330,1.08000000
5,2564,45,0.10258440,-0.41369650,1.08000000
5,2564,46,1.10322990,-0.52673700,1.08000000
5,2564,47,0.18264360,0.90363430,1.08000000
5,2564,48,0.06850300,4.44543070,1.08000000
5,2564,49,0.61140520,4.92868690,1.08000000
5,2564,50,-0.57047510,13.89314820,1.08000000
5,2564,51,-0.62608620,3.55194410,1.08000000
5,2564,52,-0.50150440,-0.86810120,1.08000000
5,2564,53,-2.84732230,-3.77678010,1.08000000
5,2564,54,5.31081930,6.97008400,1.08000000
5,2564,55,3.52995770,0.15584600,1.08000000
5,2564,56,15.02606480,0.12532640,1.08000000
5,2564,57,0.61349900,0.57825130,1.08000000
5,2564,58,0.78545070,0.65950050,1.08000000
5,2564,59,1.99325320,-0.74391120,1.08000000
5,2564,60,50.97142020,10.17562510,1.08000000
5,2564,61,3.16497630,-0.64469380,1.08000000
5,2564,62,-2.89363000,1.66157980,1.08000000
5,2564,63,4.94622540,0.50907500,1.08000000
5,2564,64,44.54204950,-0.95086680,1.08000000
5,2564,65,-0.10577950,0.37466900,1.08000000
8,2564,0,208.53769830,0.03553080,1.08000000
8,2564,1,0.03250640,-19.84336280,1.08000000
8,2564,2,-8.60926340,5.02049160,1.08000000
8,2564,3,-85.95664540,-21.66862430,1.08000000
8,2564,4,-91.22380420,-1.01239460,1.08000000
8,2564,5,4.89181280,-0.12420200,1.08000000
8,2564,6,-1.28169390,-1.30054700,1.08000000
8,2564,7,-0.16439670,19.34428290,1.08000000
8,2564,8,-6.69940550,-7.90369700,1.08000000
8,2564,9,14.45717150,3.98209190,1.08000000
8,2564,10,156.48127410,40.73568050,1.08000000
8,2564,11,-8.56833610,-0.54880460,1.08000000
8,2564,12,-141.24092920,15.49598670,1.08000000
8,2564,13,2.66325390,-0.42557480,1.08000000
8,2564,14,-37.98574090,-1.66396660,1.08000000
8,2564,15,1.09494440,2.06780230,1.08000000
8,2564,16,1.55522680,0.70139910,1.08000000
8,2564,17,0.39801460,1.69762690,1.08000000
8,2564,18,-4.01501420,4.73291950,1.08000000
8,2564,19,9.01695680,2.69101940,1.08000000
8,2564,20,-0.20515160,0.20455440,1.08000000
8,2564,21,35.16721000,11.58061280,1.08000000
8,2564,22,3.86674090,0.62360060,1.08000000
8,2564,23,11.17718040,3.14782260,1.08000000
8,2564,24,46.15004200,-10.16779960,1.08000000
8,2564,25,-5.27559400,0.59507490,1.08000000
8,2564,26,60.28227580,-2.87912880,1.08000000
8,2564,27,-2.34847220,-0.21818400,1.08000000
8,2564,28,-0.73445290,-1.77116390,1.08000000
8,2564,29,-1.47291900,-2.54434000,1.08000000
8,2564,30,-0.03671570,-1.06898260,1.08000000
8,2564,31,-1.73880150,-6.81428610,1.08000000
8,2564,32,-2.29388080,-19.89866120,1.08000000
8,2564,33,1.80397550,-4.84052140,1.08000000
8,2564,34,0.49002960,-0.88108040,1.08000000
8,2564,35,-8.46827500,-3.36044320,1.08000000
8,2564,36,-1.12974450,-0.99926690,1.08000000
8,2564,37,1.01927470,-0.22314540,1.08000000
8,2564,38,-3.48080060,-0.96687130,1.08000000
8,2564,39,1.51037010,0.58027800,1.08000000
8,2564,40,-35.40191900,-9.73746800,1.08000000
8,2564,41,-1.17250290,-0.09040440,1.08000000
8,2564,42,-27.35569340,2.82143200,1.08000000
8,2564,43,-1.94615470,-0.53816600,1.08000000
8,2564,44,-39.67227260,-1.68943110,1.08000000
8,2564,45,0.68964910,2.41658620,1.08000000
8,2564,46,0.97128690,1.89186540,1.08000000
8,2564,47,0.37736200,2.42188720,1.08000000
8,2564,48,-0.56752890,3.22471940,1.08000000
8,2564,49,1.05146800,5.87404010,1.08000000
8,2564,50,-0.28146940,16.26526970,1.08000000
8,2564,51,-0.82049790,2.40421880,1.08000000
8,2564,52,-0.65805070,-1.34703450,1.08000000
8,2564,53,-1.64527340,-0.34672400,1.08000000
8,2564,54,2.95603910,-0.09296950,1.08000000
8,2564,55,3.01868360,0.26538250,1.08000000
8,2564,56,-2.08704780,0.68257890,1.08000000
8,2564,57,0.32412090,0.76424880,1.08000000
8,2564,58,4.30299310,0.83351370,1.08000000
8,2564,59,1.63151620,-0.06896930,1.08000000
8,2564,60,51.56270540,10.74577200,1.08000000
8,2564,61,3.22874750,-0.33105350,1.08000000
8,2564,62,-2.66162170,1.25760060,1.08000000
8,2564,63,4.56995740,0.70589340,1.08000000
8,2564,64,47.76328360,-0.45873590,1.08000000
8,2564,65,1.23330530,0.59265150,1.08000000
5,2692,0,188.00391840,-0.07841320,1.08000000
5,2692,1,0.62181590,13.41670610,1.08000000
5,2692,2,-15.12332460,5.45000420,1.08000000
5,2692,3,-61.83777440,18.01482320,1.08000000
5,2692,4,-77.55685100,0.30537930,1.08000000
5,2692,5,4.77233170,-0.44188330,1.08000000
5,2692,6,-1.76427330,0.84859370,1.08000000
5,2692,7,0.97584190,-6.58359950,1.08000000
5,2692,8,-13.90234870,5.90285880,1.08000000
5,2692,9,29.73720280,-15.45981000,1.08000000
5,2692,10,108.16149050,-31.39152080,1.08000000
5,2692,11,-6.84178990,2.21665470,1.08000000
5,2692,12,-130.24166000,14.81884230,1.08000000
5,2692,13,1.64005050,0.11133990,1.08000000
5,2692,14,-39.07799860,-2.29650490,1.08000000
5,2692,15,0.27186190,0.41016030,1.08000000
5,2692,16,2.22413900,-2.28315340,1.08000000
5,2692,17,-1.54257630,-7.25299990,1.08000000
5,2692,18,-8.79094300,13.75909480,1.08000000
5,2692,19,17.46671740,-8.04847270,1.08000000
5,2692,20,-0.40233830,-0.92676610,1.08000000
5,2692,21,26.43283750,-5.86735660,1.08000000
5,2692,22,8.34462460,-1.78892540,1.08000000
5,2692,23,8.13747180,-2.18706310,1.08000000
5,2692,24,30.57149050,-11.80955820,1.08000000
5,2692,25,-4.94301510,0.32010540,1.08000000
5,2692,26,53.87876660,-2.26781860,1.08000000
5,2692,27,-2.61793500,-0.19220400,1.08000000
5,2692,28,-0.61839440,1.56172790,1.08000000
5,2692,29,-0.88178360,1.48782100,1.08000000
5,2692,30,-0.60565460,-1.35407090,1.08000000
5,2692,31,0.12979490,-0.77775160,1.08000000
5,2692,32,-4.54054700,-13.90580050,1.08000000
5,2692,33,3.75133340,-5.59685260,1.08000000
5,2692,34,0.60436330,-0.34988560,1.08000000
5,2692,35,-16.96549970,7.95883540,1.08000000
5,2692,36,-8.36665270,0.25812010,1.08000000
5,2692,37,0.72435210,-0.93811330,1.08000000
5,2692,38,-2.88086980,0.70752630,1.08000000
5,2692,39,1.10858880,-0.23846930,1.08000000
5,2692,40,-38.02056210,-6.66453660,1.08000000
5,2692,41,-1.30399910,0.49476790,1.08000000
5,2692,42,-18.58065180,3.71901430,1.08000000
5,2692,43,-1.00602720,-0.34985300,1.08000000
5,2692,44,-36.47167980,-0.61813610,1.08000000
5,2692,45,0.37732400,-1.22259310,1.08000000
5,2692,46,1.28768040,-2.18391100,1.08000000
5,2692,47,0.44202140,1.23111750,1.08000000
5,2692,48,0.24804740,4.06364680,1.08000000
5,2692,49,0.47698300,4.60906060,1.08000000
5,2692,50,1.02978050,14.43391720,1.08000000
5,2692,51,0.31301530,2.96258950,1.08000000
5,2692,52,-0.88462690,1.13568530,1.08000000
5,2692,53,-3.34039360,1.71537990,1.08000000
5,2692,54,6.26061270,-3.44507610,1.08000000
5,2692,55,2.88576850,0.04292940,1.08000000
5,2692,56,12.26958740,-0.31665530,1.08000000
5,2692,57,1.28803680,0.63646930,1.08000000
5,2692,58,0.83171600,0.31503210,1.08000000
5,2692,59,2.68849860,0.02977880,1.08000000
5,2692,60,67.72381520,9.93917150,1.08000000
5,2692,61,4.50143060,-0.87752750,1.08000000
5,2692,62,6.73541650,1.90670730,1.08000000
5,2692,63,4.93922920,0.72565580,1.08000000
5,2692,64,54.96336240,0.16574590,1.08000000
5,2692,65,0.65624930,0.31621640,1.08000000
8,2692,0,187.22185570,-0.08592850,1.08000000
8,2692,1,-0.17228790,-17.96899570,1.08000000
8,2692,2,-8.11679500,18.87300500,1.08000000
8,2692,3,-154.65616890,51.55805960,1.08000000
8,2692,4,-80.74369670,0.30656270,1.08000000
8,2692,5,4.82377710,-0.62677900,1.08000000
8,2692,6,-1.25541050,-2.63931640,1.08000000
8,2692,7,0.85424890,18.02583310,1.08000000
8,2692,8,-5.85957180,9.68369550,1.08000000
8,2692,9,13.25903940,-31.44855500,1.08000000
8,2692,10,281.40639750,-90.91460880,1.08000000
8,2692,11,-17.75675340,5.23931400,1.08000000
8,2692,12,-130.52561970,14.52643910,1.08000000
8,2692,13,1.13119310,0.06344710,1.08000000
8,2692,14,-38.64971760,-2.28181110,1.08000000
8,2692,15,0.53856030,2.11347100,1.08000000
8,2692,16,1.79235160,1.49819520,1.08000000
8,2692,17,-0.46187620,1.52633430,1.08000000
8,2692,18,-4.42248680,15.86648620,1.08000000
8,2692,19,8.33097910,-16.91266720,1.08000000
8,2692,20,-0.31289530,-1.47011560,1.08000000
8,2692,21,61.02764750,-18.30137600,1.08000000
8,2692,22,9.74325040,-3.54909350,1.08000000
8,2692,23,20.00358950,-6.41654910,1.08000000
8,2692,24,31.19689780,-11.88599620,1.08000000
8,2692,25,-4.60351730,0.17265520,1.08000000
8,2692,26,54.26006460,-2.10755080,1.08000000
8,2692,27,-2.69301870,-0.08420780,1.08000000
8,2692,28,-0.65078000,-1.39780580,1.08000000
8,2692,29,-1.20276560,-2.21261560,1.08000000
8,2692,30,-0.13352090,0.10821880,1.08000000
8,2692,31,-1.53525050,-5.19148140,1.08000000
8,2692,32,-2.77546240,-11.81531790,1.08000000
8,2692,33,0.94338210,-8.52903790,1.08000000
8,2692,34,0.34740030,0.17397310,1.08000000
8,2692,35,-7.71481000,17.29928100,1.08000000
8,2692,36,-2.28214960,1.37625670,1.08000000
8,2692,37,3.49109910,-2.13743000,1.08000000
8,2692,38,-4.65221110,0.38637210,1.08000000
8,2692,39,2.52392460,-0.76251860,1.08000000
8,2692,40,-35.27945000,-6.42737140,1.08000000
8,2692,41,-0.60941960,0.81277080,1.08000000
8,2692,42,-18.87299070,3.93939650,1.08000000
8,2692,43,-1.13511660,-0.41837460,1.08000000
8,2692,44,-35.66275870,-0.74630830,1.08000000
8,2692,45,0.82292480,1.24690340,1.08000000
8,2692,46,1.10272690,2.20567290,1.08000000
8,2692,47,0.77912470,3.06682870,1.08000000
8,2692,48,-0.72418630,1.97725790,1.08000000
8,2692,49,1.33475990,5.18490400,1.08000000
8,2692,50,1.39933520,14.64410660,1.08000000
8,2692,51,0.20958980,2.83998740,1.08000000
8,2692,52,-0.58459440,1.36920310,1.08000000
8,2692,53,-1.52814550,3.50771280,1.08000000
8,2692,54,3.11872560,-7.64181700,1.08000000
8,2692,55,3.11378580,-0.19888020,1.08000000
8,2692,56,-2.58087950,0.47424100,1.08000000
8,2692,57,0.53011360,0.77760480,1.08000000
8,2692,58,4.34451330,0.69819520,1.08000000
8,2692,59,1.57773800,0.40538570,1.08000000
8,2692,60,67.48002290,9.91367540,1.08000000
8,2692,61,3.60606210,-0.95332450,1.08000000
8,2692,62,6.50295820,1.58988860,1.08000000
8,2692,63,5.15167110,0.56903370,1.08000000
8,2692,64,56.11434270,0.10633610,1.08000000
8,2692,65,1.12604420,0.36944190,1.08000000
5,2820,0,171.13217180,-0.00211740,1.09000000
5,2820,1,0.46769730,14.09139310,1.09000000
5,2820,2,-11.77347120,-7.85544710,1.09000000
5,2820,3,-168.51419780,-17.00881720,1.09000000
5,2820,4,-62.84278790,2.49836730,1.09000000
5,2820,5,5.43250900,-0.69433880,1.09000000
5,2820,6,-1.43075040,1.71758970,1.09000000
5,2820,7,1.03167810,-5.68569160,1.09000000
5,2820,8,-10.02412870,-7.93667340,1.09000000
5,2820,9,22.45889980,12.12664530,1.09000000
5,2820,10,296.40041650,29.95531040,1.09000000
5,2820,11,-19.22325430,-3.32061110,1.09000000
5,2820,12,-120.89058850,11.75627260,1.09000000
5,2820,13,0.99211090,0.00945620,1.09000000
5,2820,14,-35.69525490,-2.30535490,1.09000000
5,2820,15,0.33083940,0.23279000,1.09000000
5,2820,16,1.46229130,-2.70090210,1.09000000
5,2820,17,-1.62937320,-6.51902630,1.09000000
5,2820,18,-7.08497240,7.90227450,1.09000000
5,2820,19,12.80641240,7.02198940,1.09000000
5,2820,20,-0.36494960,0.23994160,1.09000000
5,2820,21,61.01966480,5.16042360,1.09000000
5,2820,22,16.94127030,1.80897460,1.09000000
5,2820,23,21.18559300,1.98769270,1.09000000
5,2820,24,26.33127460,-10.25882950,1.09000000
5,2820,25,-6.69042800,0.98200820,1.09000000
5,2820,26,54.48912450,-0.97540480,1.09000000
5,2820,27,-3.34355660,0.01633220,1.09000000
5,2820,28,-1.24788460,1.79781490,1.09000000
5,2820,29,-1.25061440,2.46409160,1.09000000
5,2820,30,-0.21094260,-1.47405800,1.09000000
5,2820,31,-0.04311910,-2.23572180,1.09000000
5,2820,32,-3.31428340,-15.24018290,1.09000000
5,2820,33,3.25261080,-0.21096760,1.09000000
5,2820,34,0.39468260,-1.31945550,1.09000000
5,2820,35,-12.96406870,-7.36908910,1.09000000
5,2820,36,-13.02586900,-0.12256200,1.09000000
5,2820,37,4.01487670,-0.55301060,1.09000000
5,2820,38,-2.40411640,0.33668130,1.09000000
5,2820,39,2.41366850,0.09702760,1.09000000
5,2820,40,-38.70323350,-7.41353910,1.09000000
5,2820,41,2.54389250,-0.40369800,1.09000000
5,2820,42,-7.77389490,3.79483980,1.09000000
5,2820,43,0.42925510,-0.45747850,1.09000000
5,2820,44,-26.17562530,-0.33264130,1.09000000
5,2820,45,0.08248100,1.03311320,1.09000000
5,2820,46,1.18296460,-1.53579110,1.09000000
5,2820,47,0.34058190,0.43170780,1.09000000
5,2820,48,-0.25589090,1.85619220,1.09000000
5,2820,49,0.90808310,2.13478940,1.09000000
5,2820,50,0.80075560,13.45253350,1.09000000
5,2820,51,0.53140910,1.61592450,1.09000000
5,2820,52,-0.54490200,0.34571650,1.09000000
5,2820,53,-2.55229610,-1.32456840,1.09000000
5,2820,54,5.19186310,1.67241440,1.09000000
5,2820,55,3.54012000,0.60139030,1.09000000
5,2820,56,14.35134460,-0.05940260,1.09000000
5,2820,57,0.79573190,0.82958840,1.09000000
5,2820,58,-1.31927340,1.09984340,1.09000000
5,2820,59,-1.58505720,0.35019220,1.09000000
5,2820,60,72.86230880,10.64069960,1.09000000
5,2820,61,0.42446120,-0.30895920,1.09000000
5,2820,62,5.27128020,0.99517020,1.09000000
5,2820,63,3.84904640,0.40259250,1.09000000
5,2820,64,55.50406440,-0.37278290,1.09000000
5,2820,65,0.93884290,0.18986300,1.09000000
8,2820,0,168.58125460,0.10265280,1.09000000
8,2820,1,-0.23447940,-14.98770480,1.09000000
8,2820,2,-6.94820330,5.72889340,1.09000000
8,2820,3,-277.06318990,-7.41030040,1.09000000
8,2820,4,-70.38282730,2.55833010,1.09000000
8,2820,5,5.38776230,-0.54785080,1.09000000
8,2820,6,-1.55553220,-1.59992770,1.09000000
8,2820,7,0.55354050,14.61288120,1.09000000
8,2820,8,-5.19616690,-2.36338510,1.09000000
8,2820,9,11.79926870,-5.96094820,1.09000000
8,2820,10,495.88158410,13.65154900,1.09000000
8,2820,11,-32.59693010,-1.83256460,1.09000000
8,2820,12,-122.07348750,11.17968910,1.09000000
8,2820,13,1.20407140,-0.05574120,1.09000000
8,2820,14,-34.26461950,-2.36919480,1.09000000
8,2820,15,0.51255250,1.45863860,1.09000000
8,2820,16,1.79697880,2.10853570,1.09000000
8,2820,17,-0.75447370,2.08377510,1.09000000
8,2820,18,-4.24520630,9.39432000,1.09000000
8,2820,19,6.90622870,-2.68405420,1.09000000
8,2820,20,-0.64232230,-0.46484790,1.09000000
8,2820,21,100.71914100,2.54874690,1.09000000
8,2820,22,21.05346490,1.28419900,1.09000000
8,2820,23,34.76580650,0.85937400,1.09000000
8,2820,24,28.68827370,-10.92304000,1.09000000
8,2820,25,-7.67596070,0.81796790,1.09000000
8,2820,26,56.45969050,-0.64122800,1.09000000
8,2820,27,-2.22659640,-0.06979330,1.09000000
8,2820,28,-1.02846150,0.08950020,1.09000000
8,2820,29,-1.28058150,-0.72999250,1.09000000
8,2820,30,-0.24729060,-0.59941210,1.09000000
8,2820,31,-0.86175590,-5.11697370,1.09000000
8,2820,32,-1.69988970,-12.92464170,1.09000000
8,2820,33,1.00361610,-2.23990890,1.09000000
8,2820,34,0.56456310,-0.03008500,1.09000000
8,2820,35,-6.89781730,2.69964210,1.09000000
8,2820,36,-7.26944520,0.29481040,1.09000000
8,2820,37,5.61565400,-1.03281440,1.09000000
8,2820,38,-3.52908560,-0.32029400,1.09000000
8,2820,39,3.91775790,0.00708440,1.09000000
8,2820,40,-32.96566080,-6.85717390,1.09000000
8,2820,41,3.46386990,-0.31993410,1.09000000
8,2820,42,-9.04878500,4.01282100,1.09000000
8,2820,43,-0.54652900,-0.33668050,1.09000000
8,2820,44,-24.60995950,-0.38266580,1.09000000
8,2820,45,0.49004370,3.35724900,1.09000000
8,2820,46,1.10141720,2.10322820,1.09000000
8,2820,47,0.85283130,-0.21078560,1.09000000
8,2820,48,-0.50178640,-0.33923980,1.09000000
8,2820,49,1.38845370,3.93465220,1.09000000
8,2820,50,0.98370450,13.99633880,1.09000000
8,2820,51,0.35582130,1.14888490,1.09000000
8,2820,52,-0.60902010,0.72879560,1.09000000
8,2820,53,-1.35444580,0.66402970,1.09000000
8,2820,54,3.01450720,-2.68605200,1.09000000
8,2820,55,2.85696740,0.67845300,1.09000000
8,2820,56,0.69460110,0.26697210,1.09000000
8,2820,57,0.02888050,0.85506310,1.09000000
8,2820,58,-0.65152600,0.70830340,1.09000000
8,2820,59,-2.61046130,0.17916850,1.09000000
8,2820,60,72.98664090,10.85819140,1.09000000
8,2820,61,0.05707830,-0.31505890,1.09000000
8,2820,62,2.67166440,0.69033810,1.09000000
8,2820,63,4.60563290,0.51224510,1.09000000
8,2820,64,56.31505690,-0.52071300,1.09000000
8,2820,65,1.23087240,0.51008760,1.09000000
5,2948,0,159.60958280,0.02949130,1.08000000
5,2948,1,0.04131620,14.51458910,1.08000000
5,2948,2,-15.68108590,-1.57443390,1.08000000
5,2948,3,-243.30527090,5.51956370,1.08000000
5,2948,4,-44.37756230,3.95260270,1.08000000
5,2948,5,6.48572690,-0.88193390,1.08000000
5,2948,6,-1.44416960,2.00235100,1.08000000
5,2948,7,0.83785380,-3.66959840,1.08000000
5,2948,8,-14.44134440,1.32623650,1.08000000
5,2948,9,30.48912710,-2.26854110,1.08000000
5,2948,10,440.38837520,-12.08597230,1.08000000
5,2948,11,-14.15315550,-3.21102520,1.08000000
5,2948,12,-104.53865770,8.67470810,1.08000000
5,2948,13,1.47557580,0.71967850,1.08000000
5,2948,14,-33.27094430,-2.28404040,1.08000000
5,2948,15,0.90003560,0.68352000,1.08000000
5,2948,16,0.92149340,-3.18215380,1.08000000
5,2948,17,-1.02821800,-9.69246780,1.08000000
5,2948,18,-7.46463240,10.34621940,1.08000000
5,2948,19,16.66495790,-1.92016270,1.08000000
5,2948,20,-0.45484610,-0.69591630,1.08000000
5,2948,21,112.63807750,-8.15039620,1.08000000
5,2948,22,11.86578120,2.03298690,1.08000000
5,2948,23,33.19117040,-1.38420050,1.08000000
5,2948,24,9.30243210,-7.31967440,1.08000000
5,2948,25,-6.26459480,0.43466860,1.08000000
5,2948,26,51.27070670,-0.36499580,1.08000000
5,2948,27,-2.51415480,0.48521220,1.08000000
5,2948,28,-0.66732280,0.87826620,1.08000000
5,2948,29,-0.67633390,1.56025200,1.08000000
5,2948,30,0.47648270,-1.38501650,1.08000000
5,2948,31,0.02967320,-0.56654650,1.08000000
5,2948,32,-4.37213320,-13.34094270,1.08000000
5,2948,33,5.30075240,-0.59683820,1.08000000
5,2948,34,0.93530300,0.71385770,1.08000000
5,2948,35,-17.04779920,-0.64295300,1.08000000
5,2948,36,-16.44486540,0.81555760,1.08000000
5,2948,37,7.08319590,-1.18664320,1.08000000
5,2948,38,-5.21076320,0.02431200,1.08000000
5,2948,39,5.41872720,-0.60195950,1.08000000
5,2948,40,-37.09567810,-8.34564560,1.08000000
5,2948,41,1.45003060,-0.75051960,1.08000000
5,2948,42,-1.83435410,2.35085540,1.08000000
5,2948,43,-0.18178830,-0.72085200,1.08000000
5,2948,44,-28.22532530,-0.61405330,1.08000000
5,2948,45,0.46296820,-1.96087910,1.08000000
5,2948,46,1.25393510,-0.71762270,1.08000000
5,2948,47,-0.37848940,0.15024610,1.08000000
5,2948,48,-0.11840800,1.84196290,1.08000000
5,2948,49,0.92907880,0.92162280,1.08000000
5,2948,50,1.48092400,9.28680840,1.08000000
5,2948,51,0.25371980,1.51063660,1.08000000
5,2948,52,-0.79703610,0.12468460,1.08000000
5,2948,53,-3.39145990,0.23418090,1.08000000
5,2948,54,7.11787860,-0.67934850,1.08000000
5,2948,55,1.87465560,-0.19585600,1.08000000
5,2948,56,10.88968340,-0.31644370,1.08000000
5,2948,57,-0.82437240,0.49487800,1.08000000
5,2948,58,0.68228780,1.12865530,1.08000000
5,2948,59,-0.63200470,-0.27626180,1.08000000
5,2948,60,63.07848020,8.51439530,1.08000000
5,2948,61,-1.75243630,-0.24524850,1.08000000
5,2948,62,1.43946350,0.78906330,1.08000000
5,2948,63,3.37679720,0.17531360,1.08000000
5,2948,64,49.73605660,-1.17969170,1.08000000
5,2948,65,1.29556030,0.09536030,1.08000000
8,2948,0,158.78103680,-0.08744200,1.08000000
8,2948,1,-0.55570840,-14.01624650,1.08000000
8,2948,2,-13.72293690,13.74976260,1.08000000
8,2948,3,-165.07417030,-6.37832650,1.08000000
8,2948,4,-47.80952350,3.95271650,1.08000000
8,2948,5,6.42087260,-0.85806370,1.08000000
8,2948,6,-1.34552140,-0.94390580,1.08000000
8,2948,7,0.73705820,12.43487740,1.08000000
8,2948,8,-12.58689180,9.25637250,1.08000000
8,2948,9,26.17562980,-24.50617370,1.08000000
8,2948,10,299.88726600,10.84647170,1.08000000
8,2948,11,-10.56971830,-2.82716090,1.08000000
8,2948,12,-106.22179050,8.35564700,1.08000000
8,2948,13,1.31213530,0.73095000,1.08000000
8,2948,14,-32.34238750,-2.27786460,1.08000000
8,2948,15,1.16004710,2.35436160,1.08000000
8,2948,16,0.85419910,-0.16624280,1.08000000
8,2948,17,-0.34674850,-0.74905100,1.08000000
8,2948,18,-6.67671830,14.40364710,1.08000000
8,2948,19,14.44969410,-14.61156250,1.08000000
8,2948,20,-0.11801910,-0.97340860,1.08000000
8,2948,21,73.80161430,-0.24795800,1.08000000
8,2948,22,6.53385070,2.02541270,1.08000000
8,2948,23,22.08224730,0.50647930,1.08000000
8,2948,24,9.92266980,-7.65809310,1.08000000
8,2948,25,-6.62968610,0.27622060,1.08000000
8,2948,26,52.09074350,-0.18234670,1.08000000
8,2948,27,-1.83348770,0.34506610,1.08000000
8,2948,28,-0.73167520,-0.66794950,1.08000000
8,2948,29,-1.36901130,-2.22760530,1.08000000
8,2948,30,0.39093170,0.38325140,1.08000000
8,2948,31,-1.20394760,-0.34905850,1.08000000
8,2948,32,-3.38601080,-11.77150670,1.08000000
8,2948,33,4.48906520,-4.31790390,1.08000000
8,2948,34,0.88737680,1.20616610,1.08000000
8,2948,35,-14.64913200,11.80762050,1.08000000
8,2948,36,-4.89388030,0.26068020,1.08000000
8,2948,37,4.37896200,-0.78825190,1.08000000
8,2948,38,-3.75800050,-0.69230560,1.08000000
8,2948,39,3.41416400,-0.16724620,1.08000000
8,2948,40,-34.36097150,-8.00745680,1.08000000
8,2948,41,2.16744800,-0.68543590,1.08000000
8,2948,42,-2.97126690,2.35665090,1.08000000
8,2948,43,-1.15737720,-0.87359920,1.08000000
8,2948,44,-28.76821790,-0.78523150,1.08000000
8,2948,45,0.52846140,0.28901770,1.08000000
8,2948,46,1.13810790,1.16074440,1.08000000
8,2948,47,0.35033090,0.83043830,1.08000000
8,2948,48,-0.45967100,0.80070720,1.08000000
8,2948,49,1.72679710,2.97226340,1.08000000
8,2948,50,1.54502320,9.98556420,1.08000000
8,2948,51,0.38258570,1.55328510,1.08000000
8,2948,52,-1.15027500,0.40209910,1.08000000
8,2948,53,-2.92453070,2.71968940,1.08000000
8,2948,54,6.00976540,-5.67603400,1.08000000
8,2948,55,1.52690550,-0.13448770,1.08000000
8,2948,56,-1.98101180,0.05759700,1.08000000
8,2948,57,-0.79797010,0.47858700,1.08000000
8,2948,58,1.54337490,1.23870980,1.08000000
8,2948,59,-0.39158880,-0.28108480,1.08000000
8,2948,60,63.28607360,8.53627890,1.08000000
8,2948,61,-2.05409310,-0.25098170,1.08000000
8,2948,62,-0.28635470,0.53619790,1.08000000
8,2948,63,3.21565560,0.33445240,1.08000000
8,2948,64,51.10714100,-1.10672460,1.08000000
8,2948,65,2.27808170,0.20090540,1.08000000
5,3076,0,150.30585150,-0.00518020,1.06000000
5,3076,1,-0.11376420,12.38967640,1.06000000
5,3076,2,-19.01601940,13.61156090,1.06000000
5,3076,3,-192.43282490,-23.46644330,1.06000000
5,3076,4,-31.95597600,3.13725920,1.06000000
5,3076,5,4.21791660,-0.86380910,1.06000000
5,3076,6,-1.16330800,1.51674350,1.06000000
5,3076,7,0.90875520,-3.47139050,1.06000000
5,3076,8,-18.71484600,16.64992460,1.06000000
5,3076,9,39.08563690,-32.74868930,1.06000000
5,3076,10,341.88495460,42.65775320,1.06000000
5,3076,11,-23.42052490,-2.21835430,1.06000000
5,3076,12,-97.56778450,8.10975650,1.06000000
5,3076,13,2.91982640,0.43166680,1.06000000
5,3076,14,-31.64876590,-1.92740380,1.06000000
5,3076,15,0.59126800,0.60531370,1.06000000
5,3076,16,1.03846690,-1.38263820,1.06000000
5,3076,17,-0.45734430,-5.85363550,1.06000000
5,3076,18,-10.73569500,18.11043410,1.06000000
5,3076,19,21.91604960,-18.67148180,1.06000000
5,3076,20,0.41765690,-0.83671080,1.06000000
5,3076,21,71.82157030,10.01662550,1.06000000
5,3076,22,16.54527610,1.74894820,1.06000000
5,3076,23,24.33205950,3.09098620,1.06000000
5,3076,24,-2.18406090,-6.82523430,1.06000000
5,3076,25,-4.42686290,0.42572890,1.06000000
5,3076,26,47.39400750,-1.18489830,1.06000000
5,3076,27,-1.65919800,0.58521220,1.06000000
5,3076,28,-0.68984670,1.19421440,1.06000000
5,3076,29,-0.34390490,0.89315710,1.06000000
5,3076,30,0.00463000,-2.06774400,1.06000000
5,3076,31,-0.35920960,-3.37926620,1.06000000
5,3076,32,-4.17489100,-12.78498220,1.06000000
5,3076,33,6.53816470,-6.26207250,1.06000000
5,3076,34,0.14200100,0.25073930,1.06000000
5,3076,35,-21.82243680,16.96573890,1.06000000
5,3076,36,-11.91321710,-0.92304100,1.06000000
5,3076,37,3.34422550,-0.14025290,1.06000000
5,3076,38,-1.63270200,-0.66630590,1.06000000
5,3076,39,2.81315730,0.41518750,1.06000000
5,3076,40,-36.46519130,-7.12016380,1.06000000
5,3076,41,-0.24788180,-0.58886910,1.06000000
5,3076,42,-5.08069300,1.63203360,1.06000000
5,3076,43,-1.56046600,-0.97122110,1.06000000
5,3076,44,-31.23192470,-1.22864020,1.06000000
5,3076,45,0.56254430,-1.89423670,1.06000000
5,3076,46,1.35535570,-1.09609900,1.06000000
5,3076,47,-0.40394650,0.65104440,1.06000000
5,3076,48,0.35389390,1.74972650,1.06000000
5,3076,49,0.54625800,1.32348810,1.06000000
5,3076,50,1.05253850,12.34467050,1.06000000
5,3076,51,0.96075170,0.70509420,1.06000000
5,3076,52,-0.44067490,1.09380150,1.06000000
5,3076,53,-4.35142730,3.63920760,1.06000000
5,3076,54,8.24482400,-6.58200990,1.06000000
5,3076,55,2.31302340,-0.18266060,1.06000000
5,3076,56,11.00241780,-0.40208980,1.06000000
5,3076,57,-0.86168790,0.28704540,1.06000000
5,3076,58,0.42996060,0.43129280,1.06000000
5,3076,59,-0.98461570,0.03692590,1.06000000
5,3076,60,54.80399520,6.08874580,1.06000000
5,3076,61,-1.78842790,-0.68123670,1.06000000
5,3076,62,-2.55712330,0.64577880,1.06000000
5,3076,63,3.65465540,-0.11567230,1.06000000
5,3076,64,42.13175510,-0.78977520,1.06000000
5,3076,65,0.56486330,-0.21445640,1.06000000
8,3076,0,148.41864710,-0.07088670,1.06000000
8,3076,1,-0.36426850,-13.63620510,1.06000000
8,3076,2,-15.87321310,14.18604470,1.06000000
8,3076,3,-41.71475030,-11.54473420,1.06000000
8,3076,4,-37.86200270,3.24608790,1.06000000
8,3076,5,4.58086880,-1.07396370,1.06000000
8,3076,6,-0.74560600,-1.34656400,1.06000000
8,3076,7,0.94150020,11.09915950,1.06000000
8,3076,8,-14.96284360,10.90865810,1.06000000
8,3076,9,31.42401350,-25.23358920,1.06000000
8,3076,10,76.63199280,21.86196430,1.06000000
8,3076,11,-6.88896870,-0.17783960,1.06000000
8,3076,12,-100.57665580,7.62740290,1.06000000
8,3076,13,2.24193750,0.52212500,1.06000000
8,3076,14,-30.60612440,-1.94252710,1.06000000
8,3076,15,0.86621760,2.23318910,1.06000000
8,3076,16,0.85399820,1.34220840,1.06000000
8,3076,17,-0.39822760,3.14763980,1.06000000
8,3076,18,-8.48072210,13.62090840,1.06000000
8,3076,19,17.52041060,-14.16866570,1.06000000
8,3076,20,0.38330720,-1.12102320,1.06000000
8,3076,21,15.47194190,6.94153100,1.06000000
8,3076,22,3.53836210,0.83536080,1.06000000
8,3076,23,5.25346170,1.73251130,1.06000000
8,3076,24,-1.60669340,-7.40138250,1.06000000
8,3076,25,-4.95667470,0.50830010,1.06000000
8,3076,26,48.35232780,-0.98523330,1.06000000
8,3076,27,-1.18516520,0.39794600,1.06000000
8,3076,28,-0.65919030,-0.51451920,1.06000000
8,3076,29,-0.68720540,-1.83954860,1.06000000
8,3076,30,-0.20759080,-1.01001590,1.06000000
8,3076,31,-1.53815100,-2.75585340,1.06000000
8,3076,32,-3.26192280,-13.32525640,1.06000000
8,3076,33,5.10682790,-4.94411460,1.06000000
8,3076,34,-0.10777160,0.96319190,1.06000000
8,3076,35,-17.33561950,12.58704620,1.06000000
8,3076,36,-0.93427550,-0.62522660,1.06000000
8,3076,37,0.21822330,-0.39176200,1.06000000
8,3076,38,-0.71799120,-1.03339560,1.06000000
8,3076,39,0.50569230,0.34258820,1.06000000
8,3076,40,-32.15943910,-6.72979410,1.06000000
8,3076,41,0.63042480,-0.61897040,1.06000000
8,3076,42,-7.30957100,1.77703570,1.06000000
8,3076,43,-1.44783750,-0.78676280,1.06000000
8,3076,44,-30.76765070,-1.15988250,1.06000000
8,3076,45,0.81116020,0.84179730,1.06000000
8,3076,46,1.09106760,0.59779940,1.06000000
8,3076,47,-0.08072530,0.94134770,1.06000000
8,3076,48,0.00604940,0.69585780,1.06000000
8,3076,49,1.50146770,3.51419590,1.06000000
8,3076,50,1.16773580,12.07564970,1.06000000
8,3076,51,0.90736560,0.66744530,1.06000000
8,3076,52,-0.13476430,0.94366990,1.06000000
8,3076,53,-3.49732980,2.80460670,1.06000000
8,3076,54,6.90654210,-5.91258530,1.06000000
8,3076,55,1.81089220,0.02218710,1.06000000
8,3076,56,-1.40589090,-0.26305010,1.06000000
8,3076,57,-1.19938780,0.17196030,1.06000000
8,3076,58,1.12850340,0.64001120,1.06000000
8,3076,59,-0.68829460,0.06617200,1.06000000
8,3076,60,56.14064830,6.39289020,1.06000000
8,3076,61,-1.89244700,-0.61121010,1.06000000
8,3076,62,-4.70125410,0.48118420,1.06000000
8,3076,63,3.44122650,-0.16844080,1.06000000
8,3076,64,43.20096100,-0.93879440,1.06000000
8,3076,65,1.37091060,-0.07802950,1.06000000
5,3204,0,314.94878060,8.55661800,1.02000000
5,3204,1,20.01539120,-226.90803100,1.02000000
5,3204,2,-62.62359940,-67.57053320,1.02000000
5,3204,3,-468.45973670,-219.44947150,1.02000000
5,3204,4,-57.33777130,-7.99271130,1.02000000
5,3204,5,165.57769800,3.24618060,1.02000000
5,3204,6,-1.74649030,-136.72732010,1.02000000
5,3204,7,-7.74431910,103.84331910,1.02000000
5,3204,8,-40.63909390,-54.50199440,1.02000000
5,3204,9,120.58471730,353.68231720,1.02000000
5,3204,10,993.88392880,378.79628400,1.02000000
5,3204,11,25.07745830,-77.22113430,1.02000000
5,3204,12,-82.07668150,35.44112820,1.02000000
5,3204,13,-26.46946380,-5.22567370,1.02000000
5,3204,14,-9.59430160,-0.30282590,1.02000000
5,3204,15,-4.99253270,-34.13120790,1.02000000
5,3204,16,11.36141030,45.81088260,1.02000000
5,3204,17,13.45114340,22.77987200,1.02000000
5,3204,18,-50.82546840,-119.21258460,1.02000000
5,3204,19,78.49049030,210.16676390,1.02000000
5,3204,20,-2.94647450,6.11439250,1.02000000
5,3204,21,223.74182340,11.17483300,1.02000000
5,3204,22,55.31253970,38.65221820,1.02000000
5,3204,23,70.13209040,20.30500160,1.02000000
5,3204,24,29.10498090,-8.52663430,1.02000000
5,3204,25,-38.67133570,10.30066820,1.02000000
5,3204,26,23.94260160,3.01298430,1.02000000
5,3204,27,-24.94335270,-0.74931100,1.02000000
5,3204,28,-4.03801620,-31.54706350,1.02000000
5,3204,29,5.54340650,4.93710000,1.02000000
5,3204,30,0.66330580,20.08843560,1.02000000
5,3204,31,-14.68314370,7.26688340,1.02000000
5,3204,32,-25.80247480,8.94461730,1.02000000
5,3204,33,12.06735870,39.65884230,1.02000000
5,3204,34,-1.52297880,-0.71800570,1.02000000
5,3204,35,-67.42649080,-191.69153150,1.02000000
5,3204,36,-4.62671820,-0.75851810,1.02000000
5,3204,37,37.53521380,-8.10295650,1.02000000
5,3204,38,-16.51270430,11.00886500,1.02000000
5,3204,39,9.83654630,-2.80855470,1.02000000
5,3204,40,-98.56557020,-27.52312800,1.02000000
5,3204,41,6.65152560,-10.00492670,1.02000000
5,3204,42,-32.99798940,-7.44098120,1.02000000
5,3204,43,26.76331580,-1.00568320,1.02000000
5,3204,44,-62.56849570,-3.97965210,1.02000000
5,3204,45,2.37742670,2.27711870,1.02000000
5,3204,46,6.43943770,20.16237200,1.02000000
5,3204,47,-3.18674420,13.60267430,1.02000000
5,3204,48,-6.92911390,14.27155510,1.02000000
5,3204,49,0.15876290,32.32149900,1.02000000
5,3204,50,18.59105140,-77.55017970,1.02000000
5,3204,51,6.88494790,5.98235600,1.02000000
5,3204,52,7.08677290,-8.74274630,1.02000000
5,3204,53,-13.79506450,-36.29683390,1.02000000
5,3204,54,26.04717980,57.64080570,1.02000000
5,3204,55,-12.35332810,-0.70880550,1.02000000
5,3204,56,0.44340570,2.86432370,1.02000000
5,3204,57,-21.13340220,3.61887580,1.02000000
5,3204,58,-10.09763700,-2.78939920,1.02000000
5,3204,59,-47.22785200,-5.04226650,1.02000000
5,3204,60,62.49194880,16.28473530,1.02000000
5,3204,61,-22.80745520,-2.41104430,1.02000000
5,3204,62,31.06648700,3.82827410,1.02000000
5,3204,63,-20.29150220,-1.54001240,1.02000000
5,3204,64,51.11436380,-3.22532140,1.02000000
5,3204,65,-38.06152000,-1.47445950,1.02000000
8,3204,0,144.26386790,0.86838130,1.02000000
8,3204,1,3.24428310,-91.14706650,1.02000000
8,3204,2,-8.73449700,-84.85803070,1.02000000
8,3204,3,-737.22731770,-601.30582540,1.02000000
8,3204,4,-3.35747290,-3.18239690,1.02000000
8,3204,5,30.81245480,-1.96289040,1.02000000
8,3204,6,-3.32478050,-34.36809550,1.02000000
8,3204,7,0.23832640,-2.07476020,1.02000000
8,3204,8,7.33135290,-80.47200060,1.02000000
8,3204,9,4.92185020,313.55430230,1.02000000
8,3204,10,1366.74088330,1085.94895450,1.02000000
8,3204,11,-84.53176670,-69.87277700,1.02000000
8,3204,12,-44.01493260,12.87952790,1.02000000
8,3204,13,21.56522030,-1.71376290,1.02000000
8,3204,14,-20.97660230,5.63585380,1.02000000
8,3204,15,3.88412100,-3.30430280,1.02000000
8,3204,16,5.12266130,-2.16531900,1.02000000
8,3204,17,1.30733980,17.44169200,1.02000000
8,3204,18,-13.28259120,-92.41132750,1.02000000
8,3204,19,6.93504090,183.33756650,1.02000000
8,3204,20,-1.11605710,-1.69284400,1.02000000
8,3204,21,195.13518000,221.82261690,1.02000000
8,3204,22,99.63373690,45.77700410,1.02000000
8,3204,23,87.34728580,76.19354250,1.02000000
8,3204,24,12.65269750,1.90412050,1.02000000
8,3204,25,-15.84149160,6.28381710,1.02000000
8,3204,26,16.33575260,0.03256470,1.02000000
8,3204,27,-14.43193520,0.82115500,1.02000000
8,3204,28,-0.91257490,-18.24004640,1.02000000
8,3204,29,-0.91208000,-7.08297820,1.02000000
8,3204,30,2.86145640,17.76717020,1.02000000
8,3204,31,0.03187320,15.20611440,1.02000000
8,3204,32,-18.69283250,4.93944560,1.02000000
8,3204,33,1.66724220,52.29139250,1.02000000
8,3204,34,-1.98384910,-2.44971770,1.02000000
8,3204,35,-3.93155100,-187.03884860,1.02000000
8,3204,36,8.74811280,-18.68137270,1.02000000
8,3204,37,22.66258690,9.12532620,1.02000000
8,3204,38,0.26039830,-3.74277540,1.02000000
8,3204,39,3.76486110,8.56461890,1.02000000
8,3204,40,-43.89527920,-12.42327500,1.02000000
8,3204,41,-9.09333790,-4.57566090,1.02000000
8,3204,42,-15.00508560,-4.29337870,1.02000000
8,3204,43,12.90329870,1.02355380,1.02000000
8,3204,44,-22.47515700,-2.82499360,1.02000000
8,3204,45,1.07386440,5.74509000,1.02000000
8,3204,46,4.35066960,12.40521750,1.02000000
8,3204,47,0.06443180,11.81632630,1.02000000
8,3204,48,-6.67967930,17.00729500,1.02000000
8,3204,49,-4.65108030,22.84258130,1.02000000
8,3204,50,18.07816640,-60.28922990,1.02000000
8,3204,51,-0.18538670,4.52007700,1.02000000
8,3204,52,4.17410870,-4.76688120,1.02000000
8,3204,53,-0.88851390,-34.67197220,1.02000000
8,3204,54,3.42587810,57.42975360,1.02000000
8,3204,55,-6.66023880,-1.03224220,1.02000000
8,3204,56,-8.52995380,2.67692610,1.02000000
8,3204,57,-13.26911530,2.24751110,1.02000000
8,3204,58,-12.67854510,-1.49164920,1.02000000
8,3204,59,-34.24829300,-6.55106210,1.02000000
8,3204,60,27.89669300,4.35167280,1.02000000
8,3204,61,-5.17133020,-2.21454650,1.02000000
8,3204,62,8.01407920,1.15932220,1.02000000
8,3204,63,-5.26479930,-1.97399920,1.02000000
8,3204,64,21.03751880,-0.51169360,1.02000000
8,3204,65,-23.53893980,-1.31881380,1.02000000
5,3332,0,126.85636720,0.05246450,1.07000000
5,3332,1,-0.50690700,13.90412100,1.07000000
5,3332,2,-19.29990630,12.01417970,1.07000000
5,3332,3,70.40827280,-19.55574790,1.07000000
5,3332,4,-21.44896390,0.61373030,1.07000000
5,3332,5,4.85918660,-1.53614810,1.07000000
5,3332,6,-0.77849390,2.02676790,1.07000000
5,3332,7,1.73406390,-2.59785850,1.07000000
5,3332,8,-18.53128560,22.29249230,1.07000000
5,3332,9,40.23232760,-36.37356880,1.07000000
5,3332,10,-125.91962930,34.33610070,1.07000000
5,3332,11,5.37908570,-3.37503980,1.07000000
5,3332,12,-88.02031180,8.30216990,1.07000000
5,3332,13,1.85189700,0.93081740,1.07000000
5,3332,14,-31.40752130,-1.59529320,1.07000000
5,3332,15,0.80581130,0.11356420,1.07000000
5,3332,16,1.27162980,-2.04742830,1.07000000
5,3332,17,-0.85748650,-10.68115340,1.07000000
5,3332,18,-10.95872670,18.04382930,1.07000000
5,3332,19,22.53744350,-20.42051760,1.07000000
5,3332,20,-0.02528950,-0.08698360,1.07000000
5,3332,21,-24.85209570,5.85707830,1.07000000
5,3332,22,-1.57463820,1.93444990,1.07000000
5,3332,23,-8.60594710,2.28715290,1.07000000
5,3332,24,-19.00081120,-7.25231740,1.07000000
5,3332,25,-4.81001660,0.06042130,1.07000000
5,3332,26,37.19309950,-1.30057630,1.07000000
5,3332,27,-1.62115750,0.44324660,1.07000000
5,3332,28,-0.71335950,1.91513900,1.07000000
5,3332,29,-0.48221500,1.26931160,1.07000000
5,3332,30,-0.38368510,-1.96162320,1.07000000
5,3332,31,-0.51482730,-2.77701910,1.07000000
5,3332,32,-4.95977220,-6.00353340,1.07000000
5,3332,33,5.88594110,-7.05427980,1.07000000
5,3332,34,0.18619760,0.25050200,1.07000000
5,3332,35,-22.94021840,20.56927440,1.07000000
5,3332,36,-4.59222370,-0.33379690,1.07000000
5,3332,37,-2.00743300,-0.57729380,1.07000000
5,3332,38,0.60186190,-0.10255420,1.07000000
5,3332,39,-1.00304420,0.13984540,1.07000000
5,3332,40,-26.80169630,-2.61290920,1.07000000
5,3332,41,-0.73579380,-0.21201500,1.07000000
5,3332,42,-3.27673820,1.93677410,1.07000000
5,3332,43,-0.33662410,-0.91011620,1.07000000
5,3332,44,-27.56073670,-0.20474120,1.07000000
5,3332,45,0.23908790,-1.56772550,1.07000000
5,3332,46,0.84759840,-2.70463490,1.07000000
5,3332,47,-0.48426930,1.12431850,1.07000000
5,3332,48,0.06296070,1.22933840,1.07000000
5,3332,49,1.00931760,1.94480740,1.07000000
5,3332,50,1.62850820,3.12935490,1.07000000
5,3332,51,1.26080250,1.16971330,1.07000000
5,3332,52,-0.07747230,1.85389340,1.07000000
5,3332,53,-4.44960590,4.13213710,1.07000000
5,3332,54,7.99802580,-6.61843140,1.07000000
5,3332,55,1.76575010,-0.13487420,1.07000000
5,3332,56,9.15250250,-0.35229500,1.07000000
5,3332,57,-0.20994190,0.58663340,1.07000000
5,3332,58,0.78628420,0.23299960,1.07000000
5,3332,59,0.90227810,0.00205880,1.07000000
5,3332,60,58.16902580,3.12594180,1.07000000
5,3332,61,1.44929230,-0.27245670,1.07000000
5,3332,62,4.70319300,1.62895140,1.07000000
5,3332,63,2.97228660,0.64842820,1.07000000
5,3332,64,45.37436650,-0.65766140,1.07000000
5,3332,65,1.44358300,-0.25055340,1.07000000
8,3332,0,126.39427600,0.01167290,1.07000000
8,3332,1,-0.06544930,-9.73441440,1.07000000
8,3332,2,-16.65500690,22.56309840,1.07000000
8,3332,3,79.04840870,-16.09669720,1.07000000
8,3332,4,-24.11712880,0.60717270,1.07000000
8,3332,5,4.67395010,-1.41637450,1.07000000
8,3332,6,-0.56014980,-0.66736020,1.07000000
8,3332,7,0.15353960,8.87633930,1.07000000
8,3332,8,-15.35184380,26.77053420,1.07000000
8,3332,9,33.72896390,-49.47303050,1.07000000
8,3332,10,-141.32971790,28.67432520,1.07000000
8,3332,11,6.39001490,-2.28176470,1.07000000
8,3332,12,-90.26906090,8.13748850,1.07000000
8,3332,13,1.81573390,0.88827390,1.07000000
8,3332,14,-31.33072610,-1.49804000,1.07000000
8,3332,15,0.86056330,1.82080260,1.07000000
8,3332,16,0.87304120,0.00108420,1.07000000
8,3332,17,-0.36823590,2.48369420,1.07000000
8,3332,18,-9.15119280,18.95141950,1.07000000
8,3332,19,19.26103440,-28.28367170,1.07000000
8,3332,20,0.13493630,-0.37671240,1.07000000
8,3332,21,-31.40431390,6.09870480,1.07000000
8,3332,22,-4.00624590,1.71716260,1.07000000
8,3332,23,-10.25355720,2.01953570,1.07000000
8,3332,24,-18.41603730,-7.41302490,1.07000000
8,3332,25,-4.87790320,0.00757990,1.07000000
8,3332,26,38.39769290,-1.23503490,1.07000000
8,3332,27,-1.04098630,0.60431120,1.07000000
8,3332,28,-0.68897630,-0.55677070,1.07000000
8,3332,29,-0.55510710,-0.44169490,1.07000000
8,3332,30,-0.27267830,-0.75340070,1.07000000
8,3332,31,-1.19609010,-2.00422190,1.07000000
8,3332,32,-4.00479830,-5.15504610,1.07000000
8,3332,33,4.52671910,-9.22135960,1.07000000
8,3332,34,-0.11318000,0.59424590,1.07000000
8,3332,35,-19.17134960,28.14945730,1.07000000
8,3332,36,2.29566080,-0.51270480,1.07000000
8,3332,37,-2.02407120,-0.81357350,1.07000000
8,3332,38,-0.14923750,-0.09197380,1.07000000
8,3332,39,-1.41404380,0.20385330,1.07000000
8,3332,40,-24.07939220,-2.52978840,1.07000000
8,3332,41,-0.07789260,-0.03670780,1.07000000
8,3332,42,-3.08682320,1.97955380,1.07000000
8,3332,43,-0.82938290,-0.97555040,1.07000000
8,3332,44,-27.61292620,-0.35343730,1.07000000
8,3332,45,0.51038940,0.53663890,1.07000000
8,3332,46,0.96961010,0.59653190,1.07000000
8,3332,47,-0.20927980,0.88135170,1.07000000
8,3332,48,-0.04952270,1.02950750,1.07000000
8,3332,49,2.27168770,1.48450230,1.07000000
8,3332,50,1.68587360,3.69959350,1.07000000
8,3332,51,1.00128140,0.61659060,1.07000000
8,3332,52,-0.06735300,1.81486870,1.07000000
8,3332,53,-3.73729980,5.65071990,1.07000000
8,3332,54,6.79550760,-9.89022060,1.07000000
8,3332,55,1.46610990,0.03081280,1.07000000
8,3332,56,-0.21202450,0.22457920,1.07000000
8,3332,57,-1.43513120,0.76983430,1.07000000
8,3332,58,2.47269500,-0.22751340,1.07000000
8,3332,59,0.69358080,0.00831820,1.07000000
8,3332,60,59.54721600,3.17639000,1.07000000
8,3332,61,0.64882390,-0.45292860,1.07000000
8,3332,62,3.58929420,1.73468930,1.07000000
8,3332,63,2.87067400,0.68623240,1.07000000
8,3332,64,47.01276250,-0.51705790,1.07000000
8,3332,65,2.11882020,-0.07619480,1.07000000
5,3460,0,118.40294310,0.11082890,1.08000000
5,3460,1,-0.15808490,11.55014770,1.08000000
5,3460,2,-18.80676200,4.37467460,1.08000000
5,3460,3,-54.96305370,6.11283540,1.08000000
5,3460,4,-17.52268020,-0.73513250,1.08000000
5,3460,5,3.79717530,-1.53977640,1.08000000
5,3460,6,-0.82740460,1.83410080,1.08000000
5,3460,7,1.42778080,-2.89347540,1.08000000
5,3460,8,-17.08179800,8.22808100,1.08000000
5,3460,9,38.97865840,-13.58714420,1.08000000
5,3460,10,97.59721620,-11.93822400,1.08000000
5,3460,11,-5.39783990,-0.53778030,1.08000000
5,3460,12,-86.88795880,7.35915510,1.08000000
5,3460,13,2.36071120,0.68269100,1.08000000
5,3460,14,-27.30674950,-1.27043630,1.08000000
5,3460,15,0.85639290,0.27861310,1.08000000
5,3460,16,0.92894140,-2.30104140,1.08000000
5,3460,17,-1.21383500,-7.64028580,1.08000000
5,3460,18,-10.30973090,11.57040090,1.08000000
5,3460,19,21.29930670,-7.34979010,1.08000000
5,3460,20,0.06783740,0.08972400,1.08000000
5,3460,21,23.85050990,-3.90336180,1.08000000
5,3460,22,5.69642810,0.31478060,1.08000000
5,3460,23,7.37309770,-0.97767560,1.08000000
5,3460,24,-12.37128160,-4.22179040,1.08000000
5,3460,25,-3.63525510,0.36134970,1.08000000
5,3460,26,37.35109490,-1.03854950,1.08000000
5,3460,27,-1.14069740,0.67539140,1.08000000
5,3460,28,-0.66301290,1.44722670,1.08000000
5,3460,29,-0.66893140,1.63941170,1.08000000
5,3460,30,-0.04961210,-1.18616380,1.08000000
5,3460,31,0.16828960,-3.13082200,1.08000000
5,3460,32,-5.28501650,-8.86100850,1.08000000
5,3460,33,5.90683710,-3.49866940,1.08000000
5,3460,34,-0.09922810,0.38360860,1.08000000
5,3460,35,-21.77371790,7.48852310,1.08000000
5,3460,36,-8.45666960,0.46750800,1.08000000
5,3460,37,2.36127760,-1.20185920,1.08000000
5,3460,38,-0.33091560,0.35902510,1.08000000
5,3460,39,1.06822300,-0.25712870,1.08000000
5,3460,40,-24.85134780,-3.56428310,1.08000000
5,3460,41,-0.43326270,-0.04892640,1.08000000
5,3460,42,0.30133720,1.53899880,1.08000000
5,3460,43,-0.32254860,-0.74859470,1.08000000
5,3460,44,-23.18579130,-0.06226110,1.08000000
5,3460,45,0.31059120,-0.63671600,1.08000000
5,3460,46,0.87493460,-2.58810210,1.08000000
5,3460,47,-0.40671860,-0.15472650,1.08000000
5,3460,48,0.29638020,0.05454050,1.08000000
5,3460,49,0.52878990,2.09048400,1.08000000
5,3460,50,1.36597300,4.46107180,1.08000000
5,3460,51,0.99116920,-0.18141810,1.08000000
5,3460,52,0.36572410,0.85759240,1.08000000
5,3460,53,-4.27126980,1.61800570,1.08000000
5,3460,54,7.36790530,-2.25536600,1.08000000
5,3460,55,2.95391030,-0.18467690,1.08000000
5,3460,56,8.79885810,-0.43203700,1.08000000
5,3460,57,-1.49008530,0.52354650,1.08000000
5,3460,58,-0.31538960,0.10130800,1.08000000
5,3460,59,-0.42632740,-0.06023880,1.08000000
5,3460,60,52.59378710,3.15731880,1.08000000
5,3460,61,-0.39550600,-0.29326700,1.08000000
5,3460,62,5.56371210,1.43954910,1.08000000
5,3460,63,2.66593620,0.38602710,1.08000000
5,3460,64,42.59394400,-0.61733930,1.08000000
5,3460,65,1.10490470,-0.13897470,1.08000000
8,3460,0,118.26111290,0.03776080,1.08000000
8,3460,1,-0.03209960,-11.73888360,1.08000000
8,3460,2,-14.91848080,4.29761520,1.08000000
8,3460,3,4.93323230,-17.56742090,1.08000000
8,3460,4,-19.14203580,-0.57048030,1.08000000
8,3460,5,3.99153200,-1.58108890,1.08000000
8,3460,6,-0.32139810,-0.60157910,1.08000000
8,3460,7,0.02262620,9.57377230,1.08000000
8,3460,8,-12.47571990,2.06813320,1.08000000
8,3460,9,29.72498030,-4.78123420,1.08000000
8,3460,10,-8.46362990,31.55387620,1.08000000
8,3460,11,-0.84407790,-2.67258420,1.08000000
8,3460,12,-88.14039130,7.28756800,1.08000000
8,3460,13,1.91619600,0.88528470,1.08000000
8,3460,14,-27.52269480,-1.24828720,1.08000000
8,3460,15,1.02265650,1.81690640,1.08000000
8,3460,16,0.54444370,0.07719800,1.08000000
8,3460,17,-0.28225750,3.94643400,1.08000000
8,3460,18,-8.11400850,6.50577440,1.08000000
8,3460,19,16.32357710,-1.92295280,1.08000000
8,3460,20,0.23184440,-0.38473050,1.08000000
8,3460,21,-2.34725400,6.52298170,1.08000000
8,3460,22,1.02046060,1.63438210,1.08000000
8,3460,23,-0.67863250,2.21178380,1.08000000
8,3460,24,-12.04488990,-4.37533370,1.08000000
8,3460,25,-3.87035290,0.35436460,1.08000000
8,3460,26,38.60935840,-1.08791770,1.08000000
8,3460,27,-0.93213280,0.63885470,1.08000000
8,3460,28,-0.66720160,-0.39098390,1.08000000
8,3460,29,-0.80531170,-0.49313310,1.08000000
8,3460,30,-0.21712550,0.09398800,1.08000000
8,3460,31,-0.76669900,-2.96228300,1.08000000
8,3460,32,-4.23895900,-9.90265010,1.08000000
8,3460,33,4.31187010,-1.68471150,1.08000000
8,3460,34,-0.26928710,1.15990740,1.08000000
8,3460,35,-16.51018150,2.36944500,1.08000000
8,3460,36,-0.46832190,-0.43913820,1.08000000
8,3460,37,0.47274820,-0.60217040,1.08000000
8,3460,38,0.08057540,-0.22831340,1.08000000
8,3460,39,-0.16319270,0.22039110,1.08000000
8,3460,40,-23.38119740,-3.67602400,1.08000000
8,3460,41,0.01333800,-0.05417550,1.08000000
8,3460,42,0.28389950,1.82003730,1.08000000
8,3460,43,-0.39485540,-0.63768620,1.08000000
8,3460,44,-23.45065190,-0.00024180,1.08000000
8,3460,45,0.74309460,1.06102830,1.08000000
8,3460,46,0.64683530,0.51205120,1.08000000
8,3460,47,-0.36798780,-0.36440610,1.08000000
8,3460,48,0.11361350,0.33848110,1.08000000
8,3460,49,1.59827190,1.43054850,1.08000000
8,3460,50,1.34448170,4.52669010,1.08000000
8,3460,51,0.97568170,-0.25197710,1.08000000
8,3460,52,0.51932680,0.58582980,1.08000000
8,3460,53,-3.26872900,0.60527290,1.08000000
8,3460,54,5.63073820,-0.70791220,1.08000000
8,3460,55,2.26565900,-0.12239980,1.08000000
8,3460,56,0.69289440,-0.13503000,1.08000000
8,3460,57,-1.50767430,0.61899920,1.08000000
8,3460,58,-0.15698910,-0.06633260,1.08000000
8,3460,59,-0.07930740,-0.08692810,1.08000000
8,3460,60,53.35522010,3.29178550,1.08000000
8,3460,61,-0.48345900,-0.40019890,1.08000000
8,3460,62,4.29884120,1.26602540,1.08000000
8,3460,63,2.42562960,0.15159290,1.08000000
8,3460,64,43.81092620,-0.61746780,1.08000000
8,3460,65,1.50170390,-0.12201240,1.08000000
5,3588,0,111.29404860,0.14063910,1.06000000
5,3588,1,0.68085530,8.06412670,1.06000000
5,3588,2,-11.63623710,8.70218950,1.06000000
5,3588,3,-157.98624520,77.25130430,1.06000000
5,3588,4,-12.45016080,-0.36351150,1.06000000
5,3588,5,3.29497190,-1.74857590,1.06000000
5,3588,6,-0.42527140,1.37459460,1.06000000
5,3588,7,0.92026610,-0.70478570,1.06000000
5,3588,8,-8.35315660,11.09233130,1.06000000
5,3588,9,22.24932720,-19.81185580,1.06000000
5,3588,10,283.67863740,-140.24563440,1.06000000
5,3588,11,-12.28317260,5.68912210,1.06000000
5,3588,12,-83.29425650,5.17601810,1.06000000
5,3588,13,3.07342750,1.10650230,1.06000000
5,3588,14,-24.98305740,-1.05796510,1.06000000
5,3588,15,0.53909600,0.18685360,1.06000000
5,3588,16,0.32071890,-1.70042190,1.06000000
5,3588,17,-1.51724700,-6.49759210,1.06000000
5,3588,18,-5.86234870,12.17493280,1.06000000
5,3588,19,11.62260730,-11.38895650,1.06000000
5,3588,20,-0.03933460,-0.02994070,1.06000000
5,3588,21,68.17390360,-33.56267920,1.06000000
5,3588,22,9.55125020,-3.14886720,1.06000000
5,3588,23,20.97041320,-10.28386440,1.06000000
5,3588,24,-11.85985980,-1.45512980,1.06000000
5,3588,25,-4.03205670,0.20596560,1.06000000
5,3588,26,34.25044410,-0.75965900,1.06000000
5,3588,27,-0.52048920,0.45784000,1.06000000
5,3588,28,-0.88587620,1.09383060,1.06000000
5,3588,29,-0.96072920,0.30892950,1.06000000
5,3588,30,0.36532820,-0.92979280,1.06000000
5,3588,31,0.21760850,-1.97125080,1.06000000
5,3588,32,-3.74692260,-9.29092460,1.06000000
5,3588,33,3.58033660,-3.44438610,1.06000000
5,3588,34,-0.15478380,0.25785590,1.06000000
5,3588,35,-12.59634850,10.43224970,1.06000000
5,3588,36,-11.44302170,2.60096140,1.06000000
5,3588,37,3.67274210,-2.12009750,1.06000000
5,3588,38,-2.93078940,1.38533840,1.06000000
5,3588,39,3.10293850,-1.56059580,1.06000000
5,3588,40,-22.13661570,-4.64659190,1.06000000
5,3588,41,-1.43491650,0.14764830,1.06000000
5,3588,42,0.34116530,0.66943530,1.06000000
5,3588,43,-1.71495240,-0.36812790,1.06000000
5,3588,44,-22.70980970,0.38794950,1.06000000
5,3588,45,-0.13273550,-0.72452940,1.06000000
5,3588,46,0.78497820,-1.50137440,1.06000000
5,3588,47,-0.04752780,1.26308420,1.06000000
5,3588,48,0.03598430,0.23505290,1.06000000
5,3588,49,0.01116150,0.30793620,1.06000000
5,3588,50,1.31118190,5.05140760,1.06000000
5,3588,51,0.86689590,-0.96627330,1.06000000
5,3588,52,0.35014830,0.14416320,1.06000000
5,3588,53,-2.42329700,2.27786390,1.06000000
5,3588,54,4.07784090,-3.71533600,1.06000000
5,3588,55,2.09092340,0.07128230,1.06000000
5,3588,56,7.57467520,-0.00240680,1.06000000
5,3588,57,-0.96981280,-0.21492900,1.06000000
5,3588,58,1.10009030,0.16550580,1.06000000
5,3588,59,-0.82022590,0.39862590,1.06000000
5,3588,60,45.04369580,2.61281980,1.06000000
5,3588,61,0.75990020,-0.74449170,1.06000000
5,3588,62,2.84202220,1.23751020,1.06000000
5,3588,63,3.42402990,0.34626940,1.06000000
5,3588,64,39.23610070,-1.35872630,1.06000000
5,3588,65,0.74134940,-0.17721130,1.06000000
8,3588,0,110.48864940,0.06011790,1.06000000
8,3588,1,-0.48520840,-12.76588100,1.06000000
8,3588,2,-8.79916970,13.44677670,1.06000000
8,3588,3,-101.42209010,68.85485460,1.06000000
8,3588,4,-15.71460250,-0.31047280,1.06000000
8,3588,5,3.65108690,-1.74970700,1.06000000
8,3588,6,-0.52479680,-0.58346150,1.06000000
8,3588,7,0.52550870,9.58458280,1.06000000
8,3588,8,-5.36129600,10.14056790,1.06000000
8,3588,9,16.16704830,-22.05888110,1.06000000
8,3588,10,186.02382430,-124.00311870,1.06000000
8,3588,11,-8.13324540,5.28355060,1.06000000
8,3588,12,-85.20910990,5.11051810,1.06000000
8,3588,13,2.75104900,1.19447360,1.06000000
8,3588,14,-24.47105150,-1.15122830,1.06000000
8,3588,15,0.78891910,1.61388650,1.06000000
8,3588,16,0.35538320,-0.07764330,1.06000000
8,3588,17,-0.30568110,3.34866060,1.06000000
8,3588,18,-4.60225240,10.32570370,1.06000000
8,3588,19,8.16655280,-12.79481370,1.06000000
8,3588,20,0.14859390,-0.41755990,1.06000000
8,3588,21,45.72937560,-28.69003310,1.06000000
8,3588,22,4.63489980,-2.99539730,1.06000000
8,3588,23,13.75767700,-8.99992430,1.06000000
8,3588,24,-11.22017270,-1.68893490,1.06000000
8,3588,25,-4.41021480,0.17072950,1.06000000
8,3588,26,34.84361180,-0.61505720,1.06000000
8,3588,27,-0.44898270,0.63098050,1.06000000
8,3588,28,-0.95476930,-0.67042500,1.06000000
8,3588,29,-1.36820770,-1.84384610,1.06000000
8,3588,30,0.37345400,0.09227750,1.06000000
8,3588,31,-0.41207480,-1.30603660,1.06000000
8,3588,32,-3.11321870,-9.07105000,1.06000000
8,3588,33,2.66906880,-4.15676250,1.06000000
8,3588,34,-0.22762050,0.86315710,1.06000000
8,3588,35,-9.22278820,12.02217030,1.06000000
8,3588,36,-4.14651200,2.02400720,1.06000000
8,3588,37,2.86102060,-2.04286110,1.06000000
8,3588,38,-2.66326490,1.21146730,1.06000000
8,3588,39,2.13041710,-1.30140250,1.06000000
8,3588,40,-19.65553760,-4.69364620,1.06000000
8,3588,41,-1.01971980,-0.03216230,1.06000000
8,3588,42,-0.04299280,0.71020020,1.06000000
8,3588,43,-1.69911840,-0.52454940,1.06000000
8,3588,44,-22.86961980,0.49362830,1.06000000
8,3588,45,0.27544350,0.80361330,1.06000000
8,3588,46,0.84456270,0.95611340,1.06000000
8,3588,47,0.24011290,1.24545110,1.06000000
8,3588,48,-0.22630880,0.45622660,1.06000000
8,3588,49,0.86985650,0.56815400,1.06000000
8,3588,50,1.42943320,5.57815980,1.06000000
8,3588,51,0.86413600,-1.20787760,1.06000000
8,3588,52,0.28746210,-0.05846540,1.06000000
8,3588,53,-1.76158990,2.55967100,1.06000000
8,3588,54,2.75726900,-4.75422710,1.06000000
8,3588,55,1.77046370,0.13822650,1.06000000
8,3588,56,-0.34264060,0.13959870,1.06000000
8,3588,57,-1.49800350,0.07428930,1.06000000
8,3588,58,0.86249230,0.00891810,1.06000000
8,3588,59,-0.54546380,0.35717950,1.06000000
8,3588,60,46.22935020,2.72297140,1.06000000
8,3588,61,0.15867130,-0.55330570,1.06000000
8,3588,62,1.22052350,0.98586040,1.06000000
8,3588,63,3.27004930,0.21842540,1.06000000
8,3588,64,40.09188220,-1.41812330,1.06000000
8,3588,65,1.40773730,0.02759370,1.06000000
5,3716,0,104.10925390,0.08555440,1.06000000
5,3716,1,0.43667890,7.80450020,1.06000000
5,3716,2,-8.23222360,2.34305380,1.06000000
5,3716,3,-118.25973360,49.00483580,1.06000000
5,3716,4,-5.58260040,-0.29241530,1.06000000
5,3716,5,3.53297300,-1.85676870,1.06000000
5,3716,6,-0.39864250,1.28102020,1.06000000
5,3716,7,0.74672070,-1.12170720,1.06000000
5,3716,8,-4.98920040,7.64990410,1.06000000
5,3716,9,15.01487990,-9.97213630,1.06000000
5,3716,10,212.53341860,-88.40974090,1.06000000
5,3716,11,-8.49298160,3.75381030,1.06000000
5,3716,12,-81.55679340,4.59977010,1.06000000
5,3716,13,1.92751530,1.10217080,1.06000000
5,3716,14,-24.34604240,-0.87764780,1.06000000
5,3716,15,0.39353060,0.41527330,1.06000000
5,3716,16,0.49202640,-1.12485350,1.06000000
5,3716,17,-1.00862910,-6.30166210,1.06000000
5,3716,18,-4.11591080,8.86823510,1.06000000
5,3716,19,7.68435080,-6.26649470,1.06000000
5,3716,20,0.18312940,-0.17073310,1.06000000
5,3716,21,52.47409780,-20.64424760,1.06000000
5,3716,22,7.17833090,-1.90417530,1.06000000
5,3716,23,15.86489230,-6.43557900,1.06000000
5,3716,24,-18.95168640,-0.74917790,1.06000000
5,3716,25,-3.70547530,0.21024360,1.06000000
5,3716,26,29.89454950,-1.30082220,1.06000000
5,3716,27,-0.72955360,0.78390480,1.06000000
5,3716,28,-0.98193740,0.93319880,1.06000000
5,3716,29,-0.89270110,0.04403060,1.06000000
5,3716,30,0.03282190,-0.86284020,1.06000000
5,3716,31,-0.38438480,-1.90356240,1.06000000
5,3716,32,-2.76006440,-8.47358690,1.06000000
5,3716,33,2.34763420,-2.57221460,1.06000000
5,3716,34,-0.12723130,0.24072310,1.06000000
5,3716,35,-8.48308870,4.66919650,1.06000000
5,3716,36,-9.41347890,1.59816960,1.06000000
5,3716,37,2.65236370,-1.58083040,1.06000000
5,3716,38,-1.96987110,0.96928110,1.06000000
5,3716,39,2.42992940,-0.95057790,1.06000000
5,3716,40,-15.97815540,-4.50009510,1.06000000
5,3716,41,-0.84517810,0.00853670,1.06000000
5,3716,42,-1.30578720,0.86320760,1.06000000
5,3716,43,-0.89079150,-0.74138120,1.06000000
5,3716,44,-24.15522220,0.28428750,1.06000000
5,3716,45,-0.30808650,-0.92833650,1.06000000
5,3716,46,0.95293340,-1.64984210,1.06000000
5,3716,47,-0.13572470,1.21986380,1.06000000
5,3716,48,0.25050200,0.26641790,1.06000000
5,3716,49,0.64505020,0.76124290,1.06000000
5,3716,50,0.98605960,2.21834890,1.06000000
5,3716,51,1.11679200,-1.02680340,1.06000000
5,3716,52,0.51288630,-0.71452590,1.06000000
5,3716,53,-1.64221180,1.20036700,1.06000000
5,3716,54,2.62469190,-1.68746540,1.06000000
5,3716,55,1.84579130,0.33440430,1.06000000
5,3716,56,7.96767510,-0.22088700,1.06000000
5,3716,57,-0.96037410,0.32254570,1.06000000
5,3716,58,0.86935870,-0.11138550,1.06000000
5,3716,59,-0.13212350,0.03063610,1.06000000
5,3716,60,36.79454830,1.17039830,1.06000000
5,3716,61,-0.16007510,-0.38128810,1.06000000
5,3716,62,0.04239160,0.93137070,1.06000000
5,3716,63,2.73746460,0.23060710,1.06000000
5,3716,64,35.54895850,-1.33359250,1.06000000
5,3716,65,0.80881590,-0.22469370,1.06000000
8,3716,0,104.77649430,0.02833160,1.06000000
8,3716,1,-0.49687780,-10.46395730,1.06000000
8,3716,2,-6.68520720,8.09118510,1.06000000
8,3716,3,-104.33117480,54.89548870,1.06000000
8,3716,4,-5.91285390,-0.09126820,1.06000000
8,3716,5,3.46126600,-1.92902790,1.06000000
8,3716,6,-0.55236340,-0.35830540,1.06000000
8,3716,7,0.59890900,8.08691690,1.06000000
8,3716,8,-3.16417500,7.75835540,1.06000000
8,3716,9,11.36169010,-14.97878180,1.06000000
8,3716,10,190.59758530,-99.17486680,1.06000000
8,3716,11,-9.23653620,4.37886040,1.06000000
8,3716,12,-81.68726990,4.53090700,1.06000000
8,3716,13,2.03374820,1.30178210,1.06000000
8,3716,14,-24.85145810,-0.84233490,1.06000000
8,3716,15,0.69241620,1.39511300,1.06000000
8,3716,16,0.64011610,0.22844760,1.06000000
8,3716,17,-0.34693270,2.46530830,1.06000000
8,3716,18,-3.32032510,8.62852990,1.06000000
8,3716,19,5.66096900,-8.91693200,1.06000000
8,3716,20,0.01671130,-0.60961120,1.06000000
8,3716,21,46.09456370,-23.09588510,1.06000000
8,3716,22,4.94910500,-2.14952300,1.06000000
8,3716,23,14.01198410,-7.22503610,1.06000000
8,3716,24,-19.00962750,-0.75521450,1.06000000
8,3716,25,-3.60904790,0.16522710,1.06000000
8,3716,26,30.15634950,-1.32633130,1.06000000
8,3716,27,-0.54934760,0.83340120,1.06000000
8,3716,28,-1.02070550,-0.66007300,1.06000000
8,3716,29,-0.96728030,-1.18272540,1.06000000
8,3716,30,0.03118500,-0.23573130,1.06000000
8,3716,31,-0.62965150,-1.25416370,1.06000000
8,3716,32,-2.36408180,-8.04387260,1.06000000
8,3716,33,1.62360290,-3.40293210,1.06000000
8,3716,34,0.01380000,0.59152620,1.06000000
8,3716,35,-6.38016230,7.28527120,1.06000000
8,3716,36,-3.78907520,1.62697330,1.06000000
8,3716,37,2.67797300,-1.74506720,1.06000000
8,3716,38,-2.50864130,1.09277950,1.06000000
8,3716,39,2.08942150,-1.06364700,1.06000000
8,3716,40,-15.80999860,-4.51655570,1.06000000
8,3716,41,-0.89880930,0.07717010,1.06000000
8,3716,42,-1.09048970,0.77314910,1.06000000
8,3716,43,-1.18907340,-0.78988740,1.06000000
8,3716,44,-24.81643770,0.16221980,1.06000000
8,3716,45,0.23472130,0.61758150,1.06000000
8,3716,46,0.92110630,0.87079030,1.06000000
8,3716,47,-0.14919100,1.32981250,1.06000000
8,3716,48,-0.06958860,0.38723720,1.06000000
8,3716,49,1.15345130,0.13548830,1.06000000
8,3716,50,1.05583120,2.38086420,1.06000000
8,3716,51,1.05553560,-1.31461630,1.06000000
8,3716,52,0.50765070,-0.70947550,1.06000000
8,3716,53,-1.23758900,1.74609430,1.06000000
8,3716,54,1.93840800,-3.07699390,1.06000000
8,3716,55,1.64114970,0.26782720,1.06000000
8,3716,56,0.07432270,0.39390340,1.06000000
8,3716,57,-1.65806340,0.46315050,1.06000000
8,3716,58,1.47891530,-0.36879270,1.06000000
8,3716,59,0.43052240,0.02512370,1.06000000
8,3716,60,36.54663040,1.15631460,1.06000000
8,3716,61,-0.24145490,-0.47830660,1.06000000
8,3716,62,-0.28065800,1.06457220,1.06000000
8,3716,63,2.46804070,0.25167010,1.06000000
8,3716,64,36.46076930,-1.41418780,1.06000000
8,3716,65,1.14564190,-0.13600880,1.06000000
5,3844,0,97.20090860,0.10340730,1.05000000
5,3844,1,0.46759120,6.34343470,1.05000000
5,3844,2,-8.49699850,-3.07506230,1.05000000
5,3844,3,-58.59810350,13.43540850,1.05000000
5,3844,4,-1.08128010,-1.12055640,1.05000000
5,3844,5,3.36232050,-2.08065810,1.05000000
5,3844,6,-0.19174380,1.78961100,1.05000000
5,3844,7,0.84075350,-0.58419460,1.05000000
5,3844,8,-5.75108530,3.22445350,1.05000000
5,3844,9,16.23790930,-2.34913150,1.05000000
5,3844,10,104.79678970,-24.60621170,1.05000000
5,3844,11,-5.83290280,0.57224850,1.05000000
5,3844,12,-81.36309930,5.74733010,1.05000000
5,3844,13,1.90121960,1.31770510,1.05000000
5,3844,14,-23.83288340,-0.76103070,1.05000000
5,3844,15,0.40783910,0.36144880,1.05000000
5,3844,16,0.34646410,-1.62319030,1.05000000
5,3844,17,-0.81817230,-5.65069760,1.05000000
5,3844,18,-4.70376330,7.09970480,1.05000000
5,3844,19,8.29404670,-1.48768770,1.05000000
5,3844,20,0.13564000,-0.13229250,1.05000000
5,3844,21,24.98559560,-6.26571920,1.05000000
5,3844,22,5.32769860,-0.26033530,1.05000000
5,3844,23,7.77944280,-1.83802000,1.05000000
5,3844,24,-22.54209160,-0.35325600,1.05000000
5,3844,25,-3.41351590,0.08237520,1.05000000
5,3844,26,26.56017910,-1.47373010,1.05000000
5,3844,27,-0.88177160,0.88225760,1.05000000
5,3844,28,-0.86142470,0.48075280,1.05000000
5,3844,29,-0.59659330,0.08996350,1.05000000
5,3844,30,0.03523120,-1.31391190,1.05000000
5,3844,31,-0.77992480,-2.00992910,1.05000000
5,3844,32,-2.42094170,-7.05378270,1.05000000
5,3844,33,2.51052270,-1.28509430,1.05000000
5,3844,34,-0.20392100,-0.70859660,1.05000000
5,3844,35,-9.03213770,0.32885910,1.05000000
5,3844,36,-6.65254990,0.64132810,1.05000000
5,3844,37,1.30352290,-0.80346210,1.05000000
5,3844,38,-0.73451410,0.48332110,1.05000000
5,3844,39,1.08551840,-0.32774160,1.05000000
5,3844,40,-11.47443170,-4.39328120,1.05000000
5,3844,41,-1.51901690,0.27895050,1.05000000
5,3844,42,-1.99117210,1.07295370,1.05000000
5,3844,43,-1.34786100,-0.94189010,1.05000000
5,3844,44,-24.14876360,0.05993710,1.05000000
5,3844,45,-0.11428070,-0.81412230,1.05000000
5,3844,46,0.90153660,-1.21740510,1.05000000
5,3844,47,-0.20386200,1.02597360,1.05000000
5,3844,48,0.24579580,-0.01825980,1.05000000
5,3844,49,0.78720340,1.11886460,1.05000000
5,3844,50,0.66112220,1.87315130,1.05000000
5,3844,51,1.07824070,-0.45662850,1.05000000
5,3844,52,0.71266570,-0.06465580,1.05000000
5,3844,53,-1.75589500,0.30090070,1.05000000
5,3844,54,2.75693930,0.38406570,1.05000000
5,3844,55,2.03320350,0.19152100,1.05000000
5,3844,56,6.97850690,-0.42494620,1.05000000
5,3844,57,-1.25566390,0.27082070,1.05000000
5,3844,58,0.23276800,-0.03821750,1.05000000
5,3844,59,0.18235120,0.06636470,1.05000000
5,3844,60,31.05962100,-0.30316860,1.05000000
5,3844,61,1.21987290,-0.71429810,1.05000000
5,3844,62,1.57077890,1.22884960,1.05000000
5,3844,63,3.04845280,0.09289890,1.05000000
5,3844,64,34.06081890,-1.20441850,1.05000000
5,3844,65,0.83750630,-0.06945360,1.05000000
8,3844,0,96.60469640,0.06964770,1.05000000
8,3844,1,-0.38664810,-9.86855950,1.05000000
8,3844,2,-6.16454670,6.86341660,1.05000000
8,3844,3,-79.81673400,19.67840340,1.05000000
8,3844,4,-3.98672250,-1.05115010,1.05000000
8,3844,5,3.58354380,-2.04021210,1.05000000
8,3844,6,-0.70863260,-0.22709850,1.05000000
8,3844,7,0.64701830,7.34348770,1.05000000
8,3844,8,-2.85430940,8.45105430,1.05000000
8,3844,9,10.65101390,-17.25184550,1.05000000
8,3844,10,145.56491880,-36.31157870,1.05000000
8,3844,11,-7.40173640,0.61859380,1.05000000
8,3844,12,-83.36965390,5.71719840,1.05000000
8,3844,13,1.71465860,1.46759140,1.05000000
8,3844,14,-23.51399820,-0.79277370,1.05000000
8,3844,15,0.46890210,1.23417080,1.05000000
8,3844,16,0.65226620,-0.18215010,1.05000000
8,3844,17,-0.37871730,3.55748190,1.05000000
8,3844,18,-3.29683630,8.85933780,1.05000000
8,3844,19,4.92004650,-9.62840660,1.05000000
8,3844,20,0.09904410,-0.60034000,1.05000000
8,3844,21,35.01351630,-9.73824850,1.05000000
8,3844,22,4.52805990,-0.03420300,1.05000000
8,3844,23,10.65535540,-2.75659250,1.05000000
8,3844,24,-21.92635880,-0.73702640,1.05000000
8,3844,25,-3.48389870,0.06424570,1.05000000
8,3844,26,27.24941150,-1.52491170,1.05000000
8,3844,27,-0.41525460,0.82527880,1.05000000
8,3844,28,-0.98856580,-1.14672170,1.05000000
8,3844,29,-0.67055800,-0.93254880,1.05000000
8,3844,30,0.02526270,-0.13416970,1.05000000
8,3844,31,-0.61358580,-1.46762440,1.05000000
8,3844,32,-1.82388590,-6.07483440,1.05000000
8,3844,33,1.69189860,-4.09646320,1.05000000
8,3844,34,-0.10511850,-0.09543950,1.05000000
8,3844,35,-5.86220830,8.62599540,1.05000000
8,3844,36,-2.82468810,0.84080820,1.05000000
8,3844,37,1.74380770,-1.14959500,1.05000000
8,3844,38,-1.65042830,0.50127210,1.05000000
8,3844,39,1.54619180,-0.51518620,1.05000000
8,3844,40,-9.02682010,-4.38102650,1.05000000
8,3844,41,-1.32844160,0.11058430,1.05000000
8,3844,42,-2.39118450,1.31073760,1.05000000
8,3844,43,-1.68521750,-0.89500690,1.05000000
8,3844,44,-23.79086340,0.16517440,1.05000000
8,3844,45,0.13444020,0.57748330,1.05000000
8,3844,46,0.74566330,0.88878460,1.05000000
8,3844,47,-0.14408400,0.96798670,1.05000000
8,3844,48,-0.01685400,0.26424300,1.05000000
8,3844,49,0.99945600,-0.18810430,1.05000000
8,3844,50,0.78981060,2.56435030,1.05000000
8,3844,51,1.05877500,-0.82041520,1.05000000
8,3844,52,0.64654710,0.10772380,1.05000000
8,3844,53,-1.13572180,1.93596580,1.05000000
8,3844,54,1.80161210,-3.09519630,1.05000000
8,3844,55,1.46350690,0.14664630,1.05000000
8,3844,56,0.08987170,0.16809250,1.05000000
8,3844,57,-1.75249400,0.41435250,1.05000000
8,3844,58,0.58037600,-0.24009600,1.05000000
8,3844,59,0.75364580,-0.17695670,1.05000000
8,3844,60,32.16303640,-0.08080140,1.05000000
8,3844,61,1.19731600,-0.55839670,1.05000000
8,3844,62,1.00019680,1.15694290,1.05000000
8,3844,63,2.98039240,0.05710550,1.05000000
8,3844,64,35.23392280,-1.00431700,1.05000000
8,3844,65,1.00246810,-0.11869430,1.05000000
5,3972,0,90.48822680,0.21676770,1.06000000
5,3972,1,0.03919590,7.21968600,1.06000000
5,3972,2,-6.24546340,3.78760340,1.06000000
5,3972,3,-64.98016450,32.46118360,1.06000000
5,3972,4,-5.25525670,-1.89985530,1.06000000
5,3972,5,3.04520970,-2.13574050,1.06000000
5,3972,6,-0.47988990,1.62877280,1.06000000
5,3972,7,1.06160740,-1.34663400,1.06000000
5,3972,8,-2.94331940,9.25211960,1.06000000
5,3972,9,11.18972090,-17.78341720,1.06000000
5,3972,10,117.15361070,-58.68426100,1.06000000
5,3972,11,-4.50395850,2.19296840,1.06000000
5,3972,12,-78.35878140,7.08341130,1.06000000
5,3972,13,2.09423520,1.26364470,1.06000000
5,3972,14,-21.46346710,-0.80973720,1.06000000
5,3972,15,0.09569790,-0.04281500,1.06000000
5,3972,16,0.53009450,-1.72944410,1.06000000
5,3972,17,-0.74743670,-5.77643540,1.06000000
5,3972,18,-3.62393110,12.07507200,1.06000000
5,3972,19,5.17422380,-10.52347260,1.06000000
5,3972,20,-0.01331780,-0.11960910,1.06000000
5,3972,21,30.04877810,-13.68230840,1.06000000
5,3972,22,4.43308040,-1.28258350,1.06000000
5,3972,23,8.90503670,-4.29556740,1.06000000
5,3972,24,-14.65459570,-0.28467660,1.06000000
5,3972,25,-3.99140470,0.02544460,1.06000000
5,3972,26,25.28846360,-1.22882630,1.06000000
5,3972,27,-1.07738560,1.01328250,1.06000000
5,3972,28,-0.85776670,0.51283500,1.06000000
5,3972,29,-0.34723420,0.88041140,1.06000000
5,3972,30,-0.01547670,-1.63852130,1.06000000
5,3972,31,-0.42331540,-1.78643570,1.06000000
5,3972,32,-1.79395100,-4.82375720,1.06000000
5,3972,33,1.85861140,-3.79305250,1.06000000
5,3972,34,0.20231300,-0.44792730,1.06000000
5,3972,35,-6.24197970,9.36507150,1.06000000
5,3972,36,-6.83974810,1.15167830,1.06000000
5,3972,37,2.00110550,-1.38868900,1.06000000
5,3972,38,-1.25468920,0.61035660,1.06000000
5,3972,39,1.42652330,-0.66263330,1.06000000
5,3972,40,-11.09572220,-5.02268800,1.06000000
5,3972,41,-0.86055160,0.62571930,1.06000000
5,3972,42,-0.98729940,1.17531800,1.06000000
5,3972,43,-0.89892870,-0.86569720,1.06000000
5,3972,44,-19.88451730,0.33941670,1.06000000
5,3972,45,-0.00898770,-0.67773320,1.06000000
5,3972,46,1.00402700,-1.51742850,1.06000000
5,3972,47,-0.13723400,0.78709790,1.06000000
5,3972,48,0.23241960,0.56398440,1.06000000
5,3972,49,0.44553840,1.27189190,1.06000000
5,3972,50,0.24263670,2.92749190,1.06000000
5,3972,51,0.70720300,-0.37856370,1.06000000
5,3972,52,0.64573510,0.23753060,1.06000000
5,3972,53,-1.18385450,2.02154580,1.06000000
5,3972,54,1.90897340,-2.48379530,1.06000000
5,3972,55,1.74923820,0.22936440,1.06000000
5,3972,56,5.67977700,-0.58599600,1.06000000
5,3972,57,-0.85804010,0.01323190,1.06000000
5,3972,58,0.82197350,0.06066130,1.06000000
5,3972,59,0.32552330,-0.05544730,1.06000000
5,3972,60,30.07832810,0.08940650,1.06000000
5,3972,61,0.84249400,-0.97226530,1.06000000
5,3972,62,4.68831690,1.37257400,1.06000000
5,3972,63,2.93358070,0.13092820,1.06000000
5,3972,64,33.84502090,-1.08476150,1.06000000
5,3972,65,0.75576790,-0.18557340,1.06000000
8,3972,0,90.83581500,0.18428790,1.06000000
8,3972,1,-0.11421310,-8.76196780,1.06000000
8,3972,2,-4.32473840,7.67222690,1.06000000
8,3972,3,-37.18614140,23.01669430,1.06000000
8,3972,4,-5.83921140,-1.88747630,1.06000000
8,3972,5,3.30280420,-2.12035680,1.06000000
8,3972,6,-0.42453830,-0.03586250,1.06000000
8,3972,7,0.45994120,6.80716980,1.06000000
8,3972,8,-0.39277170,7.91843850,1.06000000
8,3972,9,6.17700810,-18.43171710,1.06000000
8,3972,10,70.44863950,-41.64341430,1.06000000
8,3972,11,-2.30689360,0.67537400,1.06000000
8,3972,12,-79.08768870,7.02417860,1.06000000
8,3972,13,1.82723270,1.54667550,1.06000000
8,3972,14,-21.39986570,-0.82798830,1.06000000
8,3972,15,0.28958810,1.04655290,1.06000000
8,3972,16,0.35869360,-0.27768900,1.06000000
8,3972,17,-0.23697760,3.55049020,1.06000000
8,3972,18,-2.25065360,9.51244950,1.06000000
8,3972,19,2.31765750,-10.60083930,1.06000000
8,3972,20,-0.01200650,-0.67682260,1.06000000
8,3972,21,19.85879740,-10.61269690,1.06000000
8,3972,22,1.38641420,-0.08438570,1.06000000
8,3972,23,5.43691650,-3.12010550,1.06000000
8,3972,24,-14.47606940,-0.33266730,1.06000000
8,3972,25,-3.90664540,-0.02253470,1.06000000
8,3972,26,25.64433260,-1.24214240,1.06000000
8,3972,27,-0.70696030,0.96337700,1.06000000
8,3972,28,-0.77842730,-0.72334380,1.06000000
8,3972,29,-0.48156030,-0.69443330,1.06000000
8,3972,30,0.04192430,-0.50960750,1.06000000
8,3972,31,-0.82055180,-2.12683670,1.06000000
8,3972,32,-1.08151840,-5.02229450,1.06000000
8,3972,33,0.94100910,-4.09216950,1.06000000
8,3972,34,0.01112570,-0.14416490,1.06000000
8,3972,35,-3.21315740,9.56838850,1.06000000
8,3972,36,-1.85195540,0.86695990,1.06000000
8,3972,37,1.48564870,-1.38075730,1.06000000
8,3972,38,-1.86061490,0.17598640,1.06000000
8,3972,39,0.99793430,-0.54581620,1.06000000
8,3972,40,-10.38994310,-5.08554110,1.06000000
8,3972,41,-0.86263880,0.52430440,1.06000000
8,3972,42,-1.02016110,1.26096940,1.06000000
8,3972,43,-1.26625690,-0.83470390,1.06000000
8,3972,44,-20.46204450,0.18869550,1.06000000
8,3972,45,0.23881230,0.48030530,1.06000000
8,3972,46,0.92339490,0.50074960,1.06000000
8,3972,47,0.08046750,0.99315980,1.06000000
8,3972,48,0.08689710,0.53325160,1.06000000
8,3972,49,0.83852870,0.43518650,1.06000000
8,3972,50,0.43443770,3.36998540,1.06000000
8,3972,51,0.51693570,-0.39015090,1.06000000
8,3972,52,0.68989230,0.37964290,1.06000000
8,3972,53,-0.62389210,2.08050840,1.06000000
8,3972,54,0.87160380,-3.14216840,1.06000000
8,3972,55,1.22910900,0.23551060,1.06000000
8,3972,56,0.39717760,-0.10144020,1.06000000
8,3972,57,-1.49906310,0.35884140,1.06000000
8,3972,58,1.22721710,-0.14198400,1.06000000
8,3972,59,0.51093550,-0.02569080,1.06000000
8,3972,60,30.48153660,0.25625940,1.06000000
8,3972,61,0.93539930,-0.88023640,1.06000000
8,3972,62,4.32334150,1.31590100,1.06000000
8,3972,63,2.60324860,-0.02971020,1.06000000
8,3972,64,34.89056640,-1.05010180,1.06000000
8,3972,65,1.17638390,-0.16071310,1.06000000
