#stokes,freq,ind,real,imag,eta
5,2180,0,0.396943,0.196642,1
5,2180,1,1.461423,0.724423,1
5,2180,2,-0.706078,-0.277627,1
5,2180,3,-13.659884,-6.433589,1
5,2180,4,0.853009,0.42373,1
5,2180,5,-1.999485,-0.991899,1
5,2180,6,-2.407645,-1.195393,1
5,2180,7,1.717815,0.855742,1
5,2180,8,-0.812877,-0.320404,1
5,2180,9,1.959286,0.802839,1
5,2180,10,24.876159,11.724976,1
5,2180,11,-1.527969,-0.718857,1
5,2180,12,0.624497,0.313478,1
5,2180,13,-1.556612,-0.778589,1
5,2180,14,2.691844,1.337891,1
5,2180,15,2.86246,1.424413,1
5,2180,16,-1.276829,-0.642498,1
5,2180,17,0.716923,0.366212,1
5,2180,18,-0.439189,-0.171919,1
5,2180,19,1.08806,0.44618,1
5,2180,20,-1.318364,-0.641982,1
5,2180,21,3.602413,1.677971,1
5,2180,22,1.117739,0.530228,1
5,2180,23,1.712297,0.806861,1
5,2180,24,0.008676,0.010811,1
5,2180,25,-0.202873,-0.113488,1
5,2180,26,0.930594,0.473157,1
5,2180,27,-2.927189,-1.458823,1
5,2180,28,-2.894029,-1.44488,1
5,2180,29,0.563601,0.292891,1
5,2180,30,0.239703,0.105096,1
5,2180,31,-0.475343,-0.222365,1
5,2180,32,-0.074739,-0.024604,1
5,2180,33,0.164979,0.057617,1
5,2180,34,-0.281192,-0.140378,1
5,2180,35,1.221388,0.682437,1
5,2180,36,1.903859,0.930773,1
5,2180,37,0.15256,0.065982,1
5,2180,38,-0.388351,-0.183183,1
5,2180,39,0.223739,0.106133,1
5,2180,40,-0.39388,-0.189609,1
5,2180,41,0.756524,0.363074,1
5,2180,42,-0.575792,-0.271999,1
5,2180,43,-0.206594,-0.116924,1
5,2180,44,2.774265,1.388311,1
5,2180,45,2.590842,1.300316,1
5,2180,46,0.119098,0.044462,1
5,2180,47,-0.789197,-0.379197,1
5,2180,48,0.851009,0.412603,1
5,2180,49,-0.805319,-0.39157,1
5,2180,50,0.052375,0.026493,1
5,2180,51,-0.197703,-0.097303,1
5,2180,52,0.345497,0.163944,1
5,2180,53,-0.147186,-0.054865,1
5,2180,54,-2.263203,-1.132895,1
5,2180,55,-2.758176,-1.339434,1
5,2180,56,-0.279686,-0.129293,1
5,2180,57,0.496411,0.236796,1
5,2180,58,-0.284771,-0.13639,1
5,2180,59,0.11069,0.053134,1
5,2180,60,-0.288516,-0.141754,1
5,2180,61,0.632884,0.310291,1
5,2180,62,-0.794127,-0.387694,1
5,2180,63,0.887332,0.429971,1
5,2180,64,-0.396951,-0.182889,1
5,2180,65,-2.346129,-1.182205,1
5,2308,0,-0.644109,0.323997,1
5,2308,1,0.267623,0.019366,1
5,2308,2,0.53398,-0.815959,1
5,2308,3,12.990532,-7.737426,1
5,2308,4,0.798445,-0.489341,1
5,2308,5,0.074754,-0.261097,1
5,2308,6,-0.060366,0.027078,1
5,2308,7,-0.389322,0.001003,1
5,2308,8,-0.623466,1.008823,1
5,2308,9,-0.071664,0.093411,1
5,2308,10,-23.544609,14.028054,1
5,2308,11,1.636589,-0.971828,1
5,2308,12,0.05395,0.111702,1
5,2308,13,-0.119988,0.412519,1
5,2308,14,0.023171,-0.010818,1
5,2308,15,-0.003057,0.002485,1
5,2308,16,0.112792,-0.051092,1
5,2308,17,0.000601,-0.055998,1
5,2308,18,-0.040442,0.137365,1
5,2308,19,-0.113899,0.021638,1
5,2308,20,-0.002539,0.00175,1
5,2308,21,-4.965227,2.960378,1
5,2308,22,-0.865306,0.505315,1
5,2308,23,-1.665225,0.992193,1
5,2308,24,-0.100539,0.055066,1
5,2308,25,0.000606,0.012458,1
5,2308,26,-0.053165,0.024655,1
5,2308,27,0.000414,0.000367,1
5,2308,28,0.00058,-0.000511,1
5,2308,29,0.009106,-0.0062,1
5,2308,30,-0.017907,0.007359,1
5,2308,31,0.107127,0.019081,1
5,2308,32,0.2147,-0.348071,1
5,2308,33,-0.00492,0.015184,1
5,2308,34,0.00845,-0.008116,1
5,2308,35,0.059354,-0.048315,1
5,2308,36,0.350784,-0.209719,1
5,2308,37,-0.262923,0.158289,1
5,2308,38,0.179302,-0.104154,1
5,2308,39,-0.200552,0.119754,1
5,2308,40,-0.202109,0.03497,1
5,2308,41,0.055868,-0.201572,1
5,2308,42,0.008936,-0.008457,1
5,2308,43,0.000455,-0.006933,1
5,2308,44,-0.000305,-0.000436,1
5,2308,45,0.00038,-0.000004,1
5,2308,46,-0.003652,0.001387,1
5,2308,47,-0.001289,0.003935,1
5,2308,48,-0.064268,0.027469,1
5,2308,49,0.106925,0.034054,1
5,2308,50,0.232195,-0.388891,1
5,2308,51,0.033819,0.004062,1
5,2308,52,0.003427,-0.006656,1
5,2308,53,0.011344,-0.009109,1
5,2308,54,-0.021671,0.016986,1
5,2308,55,0.00137,-0.000894,1
5,2308,56,0.000534,0.000391,1
5,2308,57,-0.002849,0.000593,1
5,2308,58,0.007082,0.00074,1
5,2308,59,-0.070957,0.042234,1
5,2308,60,-0.07423,-0.003916,1
5,2308,61,0.034007,-0.125502,1
5,2308,62,0.021991,-0.008785,1
5,2308,63,0.001255,-0.000834,1
5,2308,64,-0.003486,0.001926,1
5,2308,65,0.000971,-0.003731,1
5,2564,0,-0.18034,-0.208624,1
5,2564,1,-0.009798,0.073319,1
5,2564,2,0.14465,-0.091456,1
5,2564,3,2.625872,-0.268594,1
5,2564,4,0.172748,0.219547,1
5,2564,5,0.044836,-0.05332,1
5,2564,6,-0.007205,0.010832,1
5,2564,7,0.014323,-0.09981,1
5,2564,8,-0.15449,0.104027,1
5,2564,9,-0.022985,0.006495,1
5,2564,10,-4.765326,0.486673,1
5,2564,11,0.319027,-0.036187,1
5,2564,12,0.096471,0.082247,1
5,2564,13,-0.071257,0.084747,1
5,2564,14,-0.000285,-0.000765,1
5,2564,15,0.000185,0.000664,1
5,2564,16,0.014022,-0.020611,1
5,2564,17,-0.000169,-0.012951,1
5,2564,18,-0.030723,0.026524,1
5,2564,19,-0.032157,0.015948,1
5,2564,20,0.000215,0.00009,1
5,2564,21,-1.01982,0.099117,1
5,2564,22,-0.163771,0.017227,1
5,2564,23,-0.338342,0.034043,1
5,2564,24,-0.027713,-0.037285,1
5,2564,25,-0.001093,0.001386,1
5,2564,26,-0.000414,0.000111,1
5,2564,27,-0.000087,-0.000038,1
5,2564,28,0.000199,-0.00005,1
5,2564,29,-0.000637,-0.001497,1
5,2564,30,-0.003026,0.00291,1
5,2564,31,-0.003847,0.031542,1
5,2564,32,0.062585,-0.041077,1
5,2564,33,-0.001939,0.000113,1
5,2564,34,-0.000033,-0.000766,1
5,2564,35,0.017974,-0.006896,1
5,2564,36,0.073425,-0.006743,1
5,2564,37,-0.05463,0.005191,1
5,2564,38,0.035873,-0.002606,1
5,2564,39,-0.041931,0.003846,1
5,2564,40,-0.09461,-0.092409,1
5,2564,41,0.033878,-0.040566,1
5,2564,42,-0.0051,-0.003968,1
5,2564,43,0.001257,-0.001087,1
5,2564,44,-0.000355,-0.000432,1
5,2564,45,-0.000074,-0.000077,1
5,2564,46,-0.000599,-0.000151,1
5,2564,47,0.00066,0.002031,1
5,2564,48,-0.006973,0.009911,1
5,2564,49,-0.003255,0.03549,1
5,2564,50,0.072262,-0.049078,1
5,2564,51,0.009079,-0.005836,1
5,2564,52,0.002533,-0.000855,1
5,2564,53,0.003439,-0.001296,1
5,2564,54,-0.006629,0.002262,1
5,2564,55,0.00025,-0.000071,1
5,2564,56,-0.00011,-0.000007,1
5,2564,57,-0.000933,-0.000079,1
5,2564,58,-0.001277,0.000784,1
5,2564,59,-0.015822,0.00101,1
5,2564,60,-0.043665,-0.039393,1
5,2564,61,0.021338,-0.025181,1
5,2564,62,-0.001266,-0.002568,1
5,2564,63,0.000044,-0.000363,1
5,2564,64,-0.001711,-0.001474,1
5,2564,65,0.000638,-0.000741,1
5,2692,0,0.001671,-0.119431,1
5,2692,1,-0.032523,0.029248,1
5,2692,2,0.023597,-0.023179,1
5,2692,3,-0.176703,0.296006,1
5,2692,4,-0.005093,0.1802,1
5,2692,5,0.006997,-0.006517,1
5,2692,6,0.000172,-0.000024,1
5,2692,7,0.06504,-0.058447,1
5,2692,8,-0.057077,0.05555,1
5,2692,9,0.007518,-0.006763,1
5,2692,10,0.315445,-0.528488,1
5,2692,11,-0.027879,0.046631,1
5,2692,12,0.006452,-0.001885,1
5,2692,13,-0.017378,0.016186,1
5,2692,14,-0.000105,-0.000867,1
5,2692,15,-0.000131,0.000122,1
5,2692,16,-0.000314,-0.000105,1
5,2692,17,-0.025274,0.022604,1
5,2692,18,0.017665,-0.01714,1
5,2692,19,0.004248,-0.004836,1
5,2692,20,0.000127,-0.000114,1
5,2692,21,0.056576,-0.094863,1
5,2692,22,0.015779,-0.026226,1
5,2692,23,0.021352,-0.035777,1
5,2692,24,-0.002974,-0.099462,1
5,2692,25,0.011753,-0.010947,1
5,2692,26,0.000308,0.001533,1
5,2692,27,0.000053,-0.000049,1
5,2692,28,0.000211,-0.000191,1
5,2692,29,0.000328,-0.000317,1
5,2692,30,0.00012,0.000287,1
5,2692,31,-0.030868,0.027878,1
5,2692,32,0.025962,-0.025598,1
5,2692,33,0.001008,-0.000097,1
5,2692,34,-0.000344,0.000322,1
5,2692,35,-0.00417,0.003908,1
5,2692,36,-0.003149,0.005289,1
5,2692,37,0.002385,-0.004002,1
5,2692,38,-0.001716,0.002665,1
5,2692,39,0.0018,-0.003022,1
5,2692,40,-0.001977,-0.000834,1
5,2692,41,0.00554,-0.005159,1
5,2692,42,-0.000367,-0.001899,1
5,2692,43,-0.000255,0.000237,1
5,2692,44,-0.000006,0.000973,1
5,2692,45,-0.000212,0.000186,1
5,2692,46,-0.000328,0.000296,1
5,2692,47,-0.000367,0.000355,1
5,2692,48,0.000391,-0.000354,1
5,2692,49,0.018832,-0.01692,1
5,2692,50,-0.015557,0.015208,1
5,2692,51,0.000529,-0.000462,1
5,2692,52,0.000399,-0.000359,1
5,2692,53,-0.00083,0.000779,1
5,2692,54,0.001818,-0.001703,1
5,2692,55,0.000005,-0.000008,1
5,2692,56,0.000001,0,1
5,2692,57,0.000004,-0.000012,1
5,2692,58,0.00004,-0.000006,1
5,2692,59,-0.001921,0.00321,1
5,2692,60,0.00232,0.079817,1
5,2692,61,-0.009258,0.008623,1
5,2692,62,-0.000014,-0.002662,1
5,2692,63,0.000335,-0.000311,1
5,2692,64,0.000087,0.003657,1
5,2692,65,-0.000077,0.000072,1
5,2820,0,0.116615,-0.027663,1
5,2820,1,-0.14171,0.084991,1
5,2820,2,0.011374,-0.076355,1
5,2820,3,1.074641,-0.528234,1
5,2820,4,-0.142286,0.032673,1
5,2820,5,0.049484,-0.044004,1
5,2820,6,-0.004892,0.005273,1
5,2820,7,0.192675,-0.114317,1
5,2820,8,-0.007441,0.0666,1
5,2820,9,-0.005456,0.033669,1
5,2820,10,-1.948072,0.956836,1
5,2820,11,0.127611,-0.064355,1
5,2820,12,-0.018825,0.006315,1
5,2820,13,-0.080862,0.072145,1
5,2820,14,-0.000628,-0.000569,1
5,2820,15,-0.000252,0.000487,1
5,2820,16,0.010747,-0.011006,1
5,2820,17,0.034041,-0.022824,1
5,2820,18,-0.001024,0.008413,1
5,2820,19,-0.006508,0.016015,1
5,2820,20,0.000345,-0.000337,1
5,2820,21,-0.418372,0.20339,1
5,2820,22,-0.066383,0.033915,1
5,2820,23,-0.138457,0.067816,1
5,2820,24,0.025466,-0.00623,1
5,2820,25,-0.00055,-0.000054,1
5,2820,26,0.002765,0.000915,1
5,2820,27,0.000349,-0.000393,1
5,2820,28,0.000741,-0.000414,1
5,2820,29,-0.000708,-0.000509,1
5,2820,30,-0.002179,0.002144,1
5,2820,31,-0.071413,0.043177,1
5,2820,32,0.004826,-0.034341,1
5,2820,33,-0.000696,0.00581,1
5,2820,34,-0.000791,0.000262,1
5,2820,35,0.004027,-0.019363,1
5,2820,36,0.030228,-0.01451,1
5,2820,37,-0.02215,0.010722,1
5,2820,38,0.014802,-0.00719,1
5,2820,39,-0.017272,0.008296,1
5,2820,40,0.039331,-0.010132,1
5,2820,41,0.040745,-0.035995,1
5,2820,42,-0.000425,-0.000511,1
5,2820,43,0.001961,-0.001491,1
5,2820,44,0.000976,-0.00025,1
5,2820,45,-0.001128,0.000691,1
5,2820,46,0.002391,-0.001551,1
5,2820,47,-0.000593,0.000933,1
5,2820,48,-0.004166,0.004905,1
5,2820,49,-0.071634,0.044391,1
5,2820,50,0.005057,-0.033412,1
5,2820,51,0.001526,0.001264,1
5,2820,52,0.000649,-0.000738,1
5,2820,53,0.000762,-0.003632,1
5,2820,54,-0.001435,0.006643,1
5,2820,55,-0.000148,0.000069,1
5,2820,56,-0.000017,-0.000028,1
5,2820,57,-0.000216,0.000023,1
5,2820,58,-0.000497,-0.000047,1
5,2820,59,-0.005574,0.002516,1
5,2820,60,0.009182,-0.002548,1
5,2820,61,0.021361,-0.018714,1
5,2820,62,-0.00017,-0.000859,1
5,2820,63,0.000728,-0.000793,1
5,2820,64,0.002655,-0.000727,1
5,2820,65,0.000766,-0.000665,1
5,2948,0,-0.110715,-0.079019,1
5,2948,1,-0.074811,0.066576,1
5,2948,2,0.066803,-0.038826,1
5,2948,3,1.164702,-1.587176,1
5,2948,4,0.091681,0.089727,1
5,2948,5,0.060722,-0.041733,1
5,2948,6,-0.001992,0.008794,1
5,2948,7,0.10302,-0.088718,1
5,2948,8,-0.076448,0.046224,1
5,2948,9,-0.011804,0.000997,1
5,2948,10,-2.116544,2.880901,1
5,2948,11,0.134455,-0.189686,1
5,2948,12,0.082699,0.020788,1
5,2948,13,-0.096389,0.065868,1
5,2948,14,-0.002015,0.000257,1
5,2948,15,0.000309,-0.000064,1
5,2948,16,0.004379,-0.016881,1
5,2948,17,0.010835,-0.015408,1
5,2948,18,-0.014831,0.011154,1
5,2948,19,-0.002168,0.006366,1
5,2948,20,0.000607,-0.000475,1
5,2948,21,-0.461893,0.620618,1
5,2948,22,-0.067496,0.098216,1
5,2948,23,-0.151102,0.204963,1
5,2948,24,-0.017955,-0.01455,1
5,2948,25,-0.001879,0.002134,1
5,2948,26,0.003549,-0.001098,1
5,2948,27,-0.000186,-0.000011,1
5,2948,28,0.000147,-0.000065,1
5,2948,29,-0.001237,0.000429,1
5,2948,30,-0.001226,0.002584,1
5,2948,31,-0.031727,0.029432,1
5,2948,32,0.029237,-0.017395,1
5,2948,33,-0.00212,-0.000607,1
5,2948,34,-0.001333,0.000991,1
5,2948,35,0.005882,-0.002032,1
5,2948,36,0.034046,-0.045003,1
5,2948,37,-0.025286,0.033563,1
5,2948,38,0.016155,-0.022236,1
5,2948,39,-0.019426,0.025712,1
5,2948,40,-0.068249,-0.029906,1
5,2948,41,0.046374,-0.032251,1
5,2948,42,-0.004854,-0.000798,1
5,2948,43,0.001864,-0.000902,1
5,2948,44,-0.000337,-0.000121,1
5,2948,45,-0.000172,0.000022,1
5,2948,46,0.000017,-0.000121,1
5,2948,47,-0.00009,0.000726,1
5,2948,48,-0.000902,0.007935,1
5,2948,49,-0.034826,0.033794,1
5,2948,50,0.033633,-0.020917,1
5,2948,51,-0.000933,-0.002495,1
5,2948,52,0.001903,-0.001107,1
5,2948,53,0.00112,-0.000375,1
5,2948,54,-0.002193,0.000635,1
5,2948,55,0.000091,-0.000169,1
5,2948,56,-0.000122,-0.000001,1
5,2948,57,-0.000461,0.000571,1
5,2948,58,-0.001311,0.000169,1
5,2948,59,-0.007853,0.009932,1
5,2948,60,-0.032886,-0.011833,1
5,2948,61,0.028819,-0.020192,1
5,2948,62,-0.002907,-0.000389,1
5,2948,63,0.000034,-0.000322,1
5,2948,64,-0.001096,-0.000505,1
5,2948,65,0.000838,-0.000582,1
5,3052,0,11.526399,-0.148778,1
5,3052,1,28.134913,-0.54869,1
5,3052,2,8.958779,2.646754,1
5,3052,3,1437.541046,-4.4285,1
5,3052,4,21.629641,-0.348641,1
5,3052,5,-0.882256,0.58895,1
5,3052,6,28.262103,0.162767,1
5,3052,7,25.997831,-0.683406,1
5,3052,8,4.359484,2.919103,1
5,3052,9,12.5113,-5.399497,1
5,3052,10,-2484.755758,8.246084,1
5,3052,11,182.669528,-0.346863,1
5,3052,12,10.217993,-0.327014,1
5,3052,13,-0.179074,0.348877,1
5,3052,14,-28.749745,0.587131,1
5,3052,15,-9.737789,1.075864,1
5,3052,16,6.59339,-0.133957,1
5,3052,17,2.881562,-0.3772,1
5,3052,18,-8.96171,1.531406,1
5,3052,19,17.53134,-3.114077,1
5,3052,20,-7.721887,-0.514413,1
5,3052,21,-495.30673,2.868441,1
5,3052,22,-100.155166,-0.115048,1
5,3052,23,-173.184693,0.618858,1
5,3052,24,-4.533684,-0.130192,1
5,3052,25,0.299401,-0.047937,1
5,3052,26,1.692276,0.305862,1
5,3052,27,1.103012,-0.936533,1
5,3052,28,10.392403,-0.468273,1
5,3052,29,5.362473,0.042993,1
5,3052,30,-7.61019,-0.205605,1
5,3052,31,-9.620704,0.021294,1
5,3052,32,-13.079279,0.451905,1
5,3052,33,15.248537,-1.157982,1
5,3052,34,4.27532,0.147533,1
5,3052,35,-34.322343,3.411114,1
5,3052,36,33.351886,-0.553636,1
5,3052,37,-18.69473,0.233526,1
5,3052,38,16.810941,-0.44165,1
5,3052,39,-18.914749,0.167523,1
5,3052,40,-5.386351,0.059013,1
5,3052,41,-0.077013,-0.161643,1
5,3052,42,9.178946,-0.0301,1
5,3052,43,-0.873746,0.24283,1
5,3052,44,-18.191695,0.204141,1
5,3052,45,-11.348915,0.230842,1
5,3052,46,0.555024,0.191076,1
5,3052,47,2.814268,-0.273706,1
5,3052,48,-3.286258,-0.005015,1
5,3052,49,-2.279717,0.168813,1
5,3052,50,-2.982977,0.170457,1
5,3052,51,3.660037,-0.362397,1
5,3052,52,2.814344,0.150785,1
5,3052,53,-4.73693,0.726809,1
5,3052,54,-1.983269,-1.258344,1
5,3052,55,-9.511448,0.286773,1
5,3052,56,-0.474622,0.265676,1
5,3052,57,-1.159799,-0.083726,1
5,3052,58,-0.604687,-0.081788,1
5,3052,59,3.492457,0.177918,1
5,3052,60,2.221201,0.092381,1
5,3052,61,-0.400166,-0.012346,1
5,3052,62,-1.504622,-0.148116,1
5,3052,63,0.279239,0.209994,1
5,3052,64,4.148013,0.037544,1
5,3052,65,0.130484,-0.22268,1
5,3180,0,0.13246,-0.334755,1
5,3180,1,-0.031874,0.1224,1
5,3180,2,-0.028302,-0.160556,1
5,3180,3,2.139383,0.789441,1
5,3180,4,-0.113588,0.343815,1
5,3180,5,-0.016472,-0.082618,1
5,3180,6,-0.01662,0.014435,1
5,3180,7,0.030179,-0.165935,1
5,3180,8,0.020859,0.199883,1
5,3180,9,0.023392,0.002427,1
5,3180,10,-3.875647,-1.432899,1
5,3180,11,0.271806,0.095185,1
5,3180,12,-0.092242,0.145118,1
5,3180,13,0.025875,0.131397,1
5,3180,14,0.007276,0.003784,1
5,3180,15,-0.000838,-0.000068,1
5,3180,16,0.030829,-0.027405,1
5,3180,17,0.030793,-0.022996,1
5,3180,18,0.00894,0.061175,1
5,3180,19,-0.014427,-0.003599,1
5,3180,20,-0.000517,-0.000584,1
5,3180,21,-0.814194,-0.307783,1
5,3180,22,-0.145502,-0.049254,1
5,3180,23,-0.273855,-0.101866,1
5,3180,24,0.020648,-0.059043,1
5,3180,25,0.001169,0.00162,1
5,3180,26,-0.014803,-0.011162,1
5,3180,27,0.000334,-0.00032,1
5,3180,28,-0.000133,-0.000036,1
5,3180,29,0.002349,0.000562,1
5,3180,30,-0.003357,0.003469,1
5,3180,31,-0.018111,0.053151,1
5,3180,32,-0.012699,-0.07482,1
5,3180,33,0.005945,0.001337,1
5,3180,34,0.001441,0.000306,1
5,3180,35,-0.006989,-0.001001,1
5,3180,36,0.057179,0.022232,1
5,3180,37,-0.043099,-0.016796,1
5,3180,38,0.029672,0.010964,1
5,3180,39,-0.03273,-0.012715,1
5,3180,40,0.079139,-0.154057,1
5,3180,41,-0.012993,-0.061988,1
5,3180,42,0.009404,-0.001862,1
5,3180,43,-0.001306,-0.001198,1
5,3180,44,0.000512,-0.001067,1
5,3180,45,0.000136,-0.000072,1
5,3180,46,0.000515,-0.000343,1
5,3180,47,-0.002881,0.001571,1
5,3180,48,-0.01617,0.013078,1
5,3180,49,-0.02867,0.05967,1
5,3180,50,-0.015538,-0.094038,1
5,3180,51,0.010138,-0.000568,1
5,3180,52,-0.001725,-0.002188,1
5,3180,53,-0.00136,-0.000102,1
5,3180,54,0.002804,-0.000527,1
5,3180,55,0.000234,0.000073,1
5,3180,56,0.000312,0.000074,1
5,3180,57,-0.000197,-0.000167,1
5,3180,58,0.002305,0.000016,1
5,3180,59,-0.011169,-0.005005,1
5,3180,60,0.038014,-0.06771,1
5,3180,61,-0.008012,-0.038869,1
5,3180,62,0.008963,0.001785,1
5,3180,63,0.000527,-0.00024,1
5,3180,64,0.001393,-0.000947,1
5,3180,65,-0.000242,-0.001379,1
5,3436,0,0.232708,-0.042763,1
5,3436,1,-0.066053,0.014347,1
5,3436,2,-0.008118,0.071522,1
5,3436,3,0.697317,0.218983,1
5,3436,4,-0.241613,0.050301,1
5,3436,5,0.02766,0.003265,1
5,3436,6,-0.003675,0.001959,1
5,3436,7,0.089113,-0.019448,1
5,3436,8,-0.003031,-0.079213,1
5,3436,9,0.019535,-0.012653,1
5,3436,10,-1.266574,-0.397741,1
5,3436,11,0.085467,0.027265,1
5,3436,12,-0.096211,0.007982,1
5,3436,13,-0.044092,-0.006365,1
5,3436,14,-0.000212,-0.000831,1
5,3436,15,0.000154,0.000205,1
5,3436,16,0.007243,-0.003499,1
5,3436,17,0.013372,-0.002681,1
5,3436,18,0.00052,-0.017023,1
5,3436,19,-0.008439,-0.005992,1
5,3436,20,0.000388,0.000057,1
5,3436,21,-0.269739,-0.084372,1
5,3436,22,-0.040823,-0.013144,1
5,3436,23,-0.089728,-0.028145,1
5,3436,24,0.03987,-0.006779,1
5,3436,25,-0.000326,0.002649,1
5,3436,26,0.002133,0.00162,1
5,3436,27,-0.000058,0.000074,1
5,3436,28,-0.000132,-0.000011,1
5,3436,29,-0.000532,-0.00049,1
5,3436,30,-0.001274,-0.000072,1
5,3436,31,-0.029173,0.006174,1
5,3436,32,-0.003027,0.0311,1
5,3436,33,0.00337,-0.002064,1
5,3436,34,-0.000696,0.000128,1
5,3436,35,-0.006454,0.007177,1
5,3436,36,0.019367,0.006039,1
5,3436,37,-0.014358,-0.004353,1
5,3436,38,0.00842,0.002749,1
5,3436,39,-0.011041,-0.003434,1
5,3436,40,0.106048,-0.015534,1
5,3436,41,0.020663,0.001021,1
5,3436,42,0.004057,-0.0014,1
5,3436,43,0.000843,-0.000104,1
5,3436,44,0.000629,-0.000003,1
5,3436,45,0.000055,-0.000036,1
5,3436,46,0.000687,0.000002,1
5,3436,47,-0.001028,0.000487,1
5,3436,48,-0.002283,0.002158,1
5,3436,49,-0.032814,0.007009,1
5,3436,50,-0.003383,0.036865,1
5,3436,51,0.008295,0.000501,1
5,3436,52,-0.000269,0.001164,1
5,3436,53,-0.001269,0.001367,1
5,3436,54,0.002744,-0.002585,1
5,3436,55,0.000072,0.000019,1
5,3436,56,-0.000114,-0.000095,1
5,3436,57,-0.000254,-0.000218,1
5,3436,58,-0.002071,-0.000676,1
5,3436,59,-0.004069,-0.00136,1
5,3436,60,0.046244,-0.006041,1
5,3436,61,0.012961,0.000405,1
5,3436,62,0.00119,-0.00132,1
5,3436,63,-0.000185,-0.000107,1
5,3436,64,0.001203,-0.000547,1
5,3436,65,0.000444,0.000062,1
5,3564,0,0.079447,-0.167909,1
5,3564,1,0.084395,0.031295,1
5,3564,2,0.01764,0.069293,1
5,3564,3,0.178436,0.265925,1
5,3564,4,-0.073603,0.183611,1
5,3564,5,0.001931,-0.0084,1
5,3564,6,-0.001223,0.002334,1
5,3564,7,-0.108926,-0.044808,1
5,3564,8,-0.021318,-0.086721,1
5,3564,9,-0.00135,-0.006906,1
5,3564,10,-0.32297,-0.480896,1
5,3564,11,0.023031,0.034371,1
5,3564,12,-0.050263,0.059278,1
5,3564,13,-0.002624,0.012707,1
5,3564,14,-0.000275,-0.00187,1
5,3564,15,0.000799,0.000437,1
5,3564,16,0.001228,-0.004797,1
5,3564,17,-0.02933,-0.002277,1
5,3564,18,-0.001526,-0.014831,1
5,3564,19,-0.004432,-0.00015,1
5,3564,20,0.000176,0.000489,1
5,3564,21,-0.066732,-0.099635,1
5,3564,22,-0.011471,-0.018467,1
5,3564,23,-0.022686,-0.033835,1
5,3564,24,0.01853,-0.035907,1
5,3564,25,-0.001107,0.001871,1
5,3564,26,0.002728,0.000636,1
5,3564,27,-0.00006,-0.000083,1
5,3564,28,0.000056,0.000012,1
5,3564,29,-0.000768,-0.000706,1
5,3564,30,0.000312,0.00093,1
5,3564,31,0.045041,0.01469,1
5,3564,32,0.008186,0.034469,1
5,3564,33,-0.000336,-0.002232,1
5,3564,34,-0.000234,-0.000282,1
5,3564,35,0.001708,0.003336,1
5,3564,36,0.004611,0.006905,1
5,3564,37,-0.003416,-0.005036,1
5,3564,38,0.002016,0.003667,1
5,3564,39,-0.002631,-0.003933,1
5,3564,40,0.045873,-0.07539,1
5,3564,41,0.002144,-0.007801,1
5,3564,42,-0.001132,-0.00014,1
5,3564,43,0.000242,-0.000019,1
5,3564,44,0.000049,-0.00008,1
5,3564,45,0.000052,-0.00003,1
5,3564,46,-0.000389,-0.000018,1
5,3564,47,0.000746,0.000392,1
5,3564,48,-0.001794,0.002528,1
5,3564,49,0.049147,0.013689,1
5,3564,50,0.007891,0.035511,1
5,3564,51,0.001957,-0.000772,1
5,3564,52,0.000205,0.000336,1
5,3564,53,0.000327,0.000643,1
5,3564,54,-0.000621,-0.001255,1
5,3564,55,0.000017,0.000024,1
5,3564,56,-0.000033,-0.000082,1
5,3564,57,-0.000018,-0.000134,1
5,3564,58,-0.000456,-0.000032,1
5,3564,59,-0.000651,-0.00112,1
5,3564,60,0.016685,-0.024515,1
5,3564,61,0.001387,-0.00473,1
5,3564,62,-0.000102,-0.00293,1
5,3564,63,-0.000128,-0.000099,1
5,3564,64,0.000094,-0.000461,1
5,3564,65,0.000036,-0.000102,1
5,3692,0,-0.019567,-0.345772,1
5,3692,1,0.149035,-0.052273,1
5,3692,2,-0.004883,-0.074051,1
5,3692,3,-0.274671,-3.060143,1
5,3692,4,0.035204,0.329398,1
5,3692,5,-0.036409,-0.034653,1
5,3692,6,0.00564,0.006249,1
5,3692,7,-0.190524,0.062357,1
5,3692,8,0.008298,0.093819,1
5,3692,9,-0.000978,-0.00797,1
5,3692,10,0.498745,5.554508,1
5,3692,11,-0.030396,-0.36917,1
5,3692,12,-0.015267,0.191022,1
5,3692,13,0.057637,0.052929,1
5,3692,14,-0.001509,0.001897,1
5,3692,15,0.000007,-0.000004,1
5,3692,16,-0.010975,-0.011573,1
5,3692,17,-0.049916,0.025646,1
5,3692,18,0.00501,0.015933,1
5,3692,19,-0.005499,0.025009,1
5,3692,20,0.000009,-0.000398,1
5,3692,21,0.110817,1.191329,1
5,3692,22,0.017234,0.188086,1
5,3692,23,0.035848,0.394612,1
5,3692,24,-0.004514,-0.060387,1
5,3692,25,0.00139,0.005741,1
5,3692,26,0.003298,-0.006888,1
5,3692,27,-0.000126,0.000349,1
5,3692,28,-0.000104,0.000009,1
5,3692,29,0.00067,-0.000349,1
5,3692,30,0.000651,0.002113,1
5,3692,31,0.069103,-0.025097,1
5,3692,32,-0.00273,-0.032596,1
5,3692,33,-0.000187,-0.002988,1
5,3692,34,-0.000024,0.00039,1
5,3692,35,0.001704,-0.002631,1
5,3692,36,-0.008311,-0.086009,1
5,3692,37,0.006285,0.064588,1
5,3692,38,-0.004627,-0.041408,1
5,3692,39,0.004747,0.049135,1
5,3692,40,0.002329,-0.178865,1
5,3692,41,-0.027739,-0.02864,1
5,3692,42,-0.001023,-0.005646,1
5,3692,43,-0.000486,-0.001766,1
5,3692,44,0.000106,-0.000922,1
5,3692,45,0.000192,-0.000352,1
5,3692,46,-0.000611,0.000584,1
5,3692,47,0.002037,-0.000857,1
5,3692,48,0.004098,0.007013,1
5,3692,49,0.083533,-0.034197,1
5,3692,50,-0.004683,-0.036831,1
5,3692,51,0.002072,-0.012604,1
5,3692,52,-0.000179,-0.00082,1
5,3692,53,0.000336,-0.000471,1
5,3692,54,-0.000675,0.00058,1
5,3692,55,-0.000009,-0.000397,1
5,3692,56,0.000009,0.00001,1
5,3692,57,0.000045,0.000716,1
5,3692,58,-0.000852,0.002132,1
5,3692,59,0.002087,0.018491,1
5,3692,60,0.003445,-0.081653,1
5,3692,61,-0.01752,-0.018578,1
5,3692,62,-0.00202,-0.000312,1
5,3692,63,-0.000398,0.00023,1
5,3692,64,-0.000422,-0.002176,1
5,3692,65,-0.00053,-0.000525,1
5,3820,0,0.172155,-0.200701,1
5,3820,1,-0.004315,0.058427,1
5,3820,2,0.042965,-0.016962,1
5,3820,3,0.84416,-1.730735,1
5,3820,4,-0.16778,0.190253,1
5,3820,5,0.01945,0.007455,1
5,3820,6,-0.001276,-0.000525,1
5,3820,7,0.00868,-0.072052,1
5,3820,8,-0.059836,0.027404,1
5,3820,9,0.007983,-0.013961,1
5,3820,10,-1.533189,3.142402,1
5,3820,11,0.101016,-0.208185,1
5,3820,12,-0.088704,0.111725,1
5,3820,13,-0.031058,-0.011138,1
5,3820,14,-0.001597,-0.000601,1
5,3820,15,0.000314,-0.000266,1
5,3820,16,0.002464,0.001002,1
5,3820,17,-0.004404,-0.024896,1
5,3820,18,-0.014428,0.006659,1
5,3820,19,-0.004967,0.013941,1
5,3820,20,0.000446,-0.000246,1
5,3820,21,-0.329934,0.674791,1
5,3820,22,-0.050196,0.104762,1
5,3820,23,-0.108995,0.223295,1
5,3820,24,0.029406,-0.033621,1
5,3820,25,-0.000108,-0.001957,1
5,3820,26,0.004948,-0.000298,1
5,3820,27,-0.000001,-0.000192,1
5,3820,28,-0.000154,0.000201,1
5,3820,29,-0.000679,0.000773,1
5,3820,30,-0.000652,-0.000765,1
5,3820,31,-0.001192,0.028678,1
5,3820,32,0.019767,-0.008067,1
5,3820,33,0.00146,-0.0032,1
5,3820,34,-0.000698,0.000281,1
5,3820,35,-0.00209,0.002705,1
5,3820,36,0.023935,-0.048807,1
5,3820,37,-0.017794,0.03662,1
5,3820,38,0.011153,-0.023101,1
5,3820,39,-0.013661,0.027874,1
5,3820,40,0.08632,-0.105118,1
5,3820,41,0.014468,0.006821,1
5,3820,42,0.001907,-0.004764,1
5,3820,43,0.000481,0.000623,1
5,3820,44,0.000621,-0.000657,1
5,3820,45,0.000131,-0.000063,1
5,3820,46,0.000369,-0.000923,1
5,3820,47,0.000111,0.001037,1
5,3820,48,-0.0008,-0.001546,1
5,3820,49,0.000525,0.035441,1
5,3820,50,0.02426,-0.010091,1
5,3820,51,0.0046,-0.009135,1
5,3820,52,0.000702,-0.000033,1
5,3820,53,-0.000437,0.000549,1
5,3820,54,0.00114,-0.001343,1
5,3820,55,0.000085,-0.000178,1
5,3820,56,-0.00007,0.000047,1
5,3820,57,-0.000326,0.000375,1
5,3820,58,-0.001315,0.001918,1
5,3820,59,-0.005272,0.010604,1
5,3820,60,0.03929,-0.048435,1
5,3820,61,0.009056,0.004177,1
5,3820,62,-0.000794,-0.001881,1
5,3820,63,-0.000064,0.000039,1
5,3820,64,0.000491,-0.001114,1
5,3820,65,0.000313,0.000037,1
5,3948,0,0.364313,-0.280334,1
5,3948,1,-0.063575,-0.069058,1
5,3948,2,0.002542,-0.025483,1
5,3948,3,-2.001572,0.260024,1
5,3948,4,-0.39078,0.260349,1
5,3948,5,0.045258,-0.00478,1
5,3948,6,-0.006288,0.005576,1
5,3948,7,0.093931,0.088035,1
5,3948,8,-0.013216,0.046302,1
5,3948,9,0.014715,-0.011549,1
5,3948,10,3.632042,-0.474211,1
5,3948,11,-0.242355,0.028049,1
5,3948,12,-0.131145,0.165277,1
5,3948,13,-0.071522,0.00714,1
5,3948,14,-0.004108,0.001466,1
5,3948,15,0.000054,-0.000032,1
5,3948,16,0.011807,-0.009799,1
5,3948,17,-0.002733,0.023206,1
5,3948,18,-0.0188,0.014116,1
5,3948,19,0.010213,-0.010979,1
5,3948,20,0.00043,-0.000025,1
5,3948,21,0.778563,-0.105932,1
5,3948,22,0.126044,-0.011911,1
5,3948,23,0.258051,-0.034039,1
5,3948,24,0.063845,-0.048307,1
5,3948,25,-0.002041,0.00123,1
5,3948,26,0.011742,-0.005783,1
5,3948,27,-0.000015,0.000068,1
5,3948,28,-0.000101,0.000278,1
5,3948,29,-0.000185,-0.000567,1
5,3948,30,-0.001288,0.000997,1
5,3948,31,-0.024913,-0.031457,1
5,3948,32,0.00455,-0.012507,1
5,3948,33,0.001323,-0.001045,1
5,3948,34,-0.000703,-0.000361,1
5,3948,35,-0.008583,0.007378,1
5,3948,36,-0.056135,0.008027,1
5,3948,37,0.042095,-0.005859,1
5,3948,38,-0.028053,0.003074,1
5,3948,39,0.032075,-0.004578,1
5,3948,40,0.155906,-0.149904,1
5,3948,41,0.034732,-0.004299,1
5,3948,42,0.002095,-0.00421,1
5,3948,43,0.001112,-0.000258,1
5,3948,44,0.000951,-0.001108,1
5,3948,45,0.000199,-0.000447,1
5,3948,46,0.00039,-0.000097,1
5,3948,47,-0.000969,-0.000301,1
5,3948,48,-0.005558,0.006424,1
5,3948,49,-0.023827,-0.038952,1
5,3948,50,0.010694,-0.017558,1
5,3948,51,-0.000012,0.001064,1
5,3948,52,0.000061,0.000222,1
5,3948,53,-0.001695,0.001463,1
5,3948,54,0.003726,-0.003223,1
5,3948,55,-0.000197,0.000019,1
5,3948,56,0.000014,-0.000021,1
5,3948,57,0.000534,-0.000243,1
5,3948,58,0.000045,-0.001363,1
5,3948,59,0.01227,-0.002071,1
5,3948,60,0.066209,-0.069529,1
5,3948,61,0.02175,-0.002706,1
5,3948,62,-0.002058,-0.000072,1
5,3948,63,0.000081,-0.000094,1
5,3948,64,0.001378,-0.000833,1
5,3948,65,0.000693,-0.000033,1
8,2180,0,-0.410551,0.100934,1
8,2180,1,-0.068146,-0.536921,1
8,2180,2,1.079513,-0.234505,1
8,2180,3,7.128421,-21.62354,1
8,2180,4,0.437766,-0.081355,1
8,2180,5,0.321189,0.057774,1
8,2180,6,-0.003174,0.112882,1
8,2180,7,0.110336,0.700936,1
8,2180,8,-1.213354,0.185707,1
8,2180,9,-0.163346,0.071301,1
8,2180,10,-12.947066,39.215277,1
8,2180,11,0.847675,-2.627963,1
8,2180,12,0.149737,-0.070051,1
8,2180,13,-0.513294,-0.088674,1
8,2180,14,-0.012,0.00552,1
8,2180,15,0.001641,-0.001998,1
8,2180,16,0.008758,-0.211377,1
8,2180,17,-0.02173,0.152633,1
8,2180,18,-0.268032,0.044949,1
8,2180,19,-0.09987,0.116348,1
8,2180,20,0.001194,-0.002276,1
8,2180,21,-2.79286,8.39547,1
8,2180,22,-0.423677,1.40402,1
8,2180,23,-0.921117,2.785898,1
8,2180,24,-0.066356,-0.004164,1
8,2180,25,-0.001641,-0.008064,1
8,2180,26,0.024489,-0.012904,1
8,2180,27,-0.000347,-0.000771,1
8,2180,28,0.000378,-0.000681,1
8,2180,29,-0.004845,0.002204,1
8,2180,30,-0.007083,0.036303,1
8,2180,31,-0.022726,-0.246628,1
8,2180,32,0.477103,-0.09499,1
8,2180,33,-0.023897,0.002878,1
8,2180,34,0.001414,0.005369,1
8,2180,35,0.098201,-0.058873,1
8,2180,36,0.20344,-0.603534,1
8,2180,37,-0.151179,0.450372,1
8,2180,38,0.095891,-0.314324,1
8,2180,39,-0.115952,0.345106,1
8,2180,40,-0.182374,0.074462,1
8,2180,41,0.24022,0.04592,1
8,2180,42,-0.019706,0.012559,1
8,2180,43,0.008197,0.003686,1
8,2180,44,-0.000245,-0.000237,1
8,2180,45,-0.000322,-0.001182,1
8,2180,46,-0.000601,0.006742,1
8,2180,47,0.002956,-0.010676,1
8,2180,48,0.000205,0.119884,1
8,2180,49,-0.015557,-0.289602,1
8,2180,50,0.556762,-0.118557,1
8,2180,51,0.015367,-0.030653,1
8,2180,52,0.01662,-0.008655,1
8,2180,53,0.018684,-0.011331,1
8,2180,54,-0.035416,0.021788,1
8,2180,55,0.000764,-0.002302,1
8,2180,56,-0.001496,-0.000904,1
8,2180,57,-0.002665,0.007216,1
8,2180,58,-0.010384,-0.019114,1
8,2180,59,-0.04493,0.129613,1
8,2180,60,-0.077376,0.039264,1
8,2180,61,0.149604,0.031026,1
8,2180,62,-0.016226,0.005442,1
8,2180,63,0.000536,-0.001537,1
8,2180,64,-0.005756,0.00357,1
8,2180,65,0.004497,0.001084,1
8,2308,0,0.513962,-0.66115,1
8,2308,1,-0.707012,-0.663923,1
8,2308,2,0.442674,0.086749,1
8,2308,3,3.188186,-22.710039,1
8,2308,4,-0.667888,0.690072,1
8,2308,5,0.026236,0.162946,1
8,2308,6,0.016351,0.015981,1
8,2308,7,1.088088,1.034268,1
8,2308,8,-0.595331,-0.164667,1
8,2308,9,-0.009861,0.005175,1
8,2308,10,-5.750365,40.893024,1
8,2308,11,0.399615,-2.870988,1
8,2308,12,-0.073191,0.414626,1
8,2308,13,-0.057533,-0.309105,1
8,2308,14,-0.004041,-0.002067,1
8,2308,15,-0.001062,-0.001382,1
8,2308,16,-0.028081,-0.028931,1
8,2308,17,0.02225,-0.007013,1
8,2308,18,-0.033867,-0.041895,1
8,2308,19,-0.136268,0.093789,1
8,2308,20,0.001848,0.000131,1
8,2308,21,-1.179347,8.368705,1
8,2308,22,-0.199012,1.589829,1
8,2308,23,-0.402996,2.86733,1
8,2308,24,0.210184,-0.342433,1
8,2308,25,0.03077,0.072727,1
8,2308,26,0.014818,-0.004276,1
8,2308,27,-0.000517,0.000792,1
8,2308,28,0.004028,0.003645,1
8,2308,29,-0.011258,-0.009149,1
8,2308,30,0.01974,0.021812,1
8,2308,31,-0.554131,-0.50756,1
8,2308,32,0.349115,0.090407,1
8,2308,33,0.040267,-0.02658,1
8,2308,34,0.004398,0.00121,1
8,2308,35,0.036755,-0.020942,1
8,2308,36,0.080799,-0.570045,1
8,2308,37,-0.060451,0.430315,1
8,2308,38,0.026017,-0.285323,1
8,2308,39,-0.046112,0.325754,1
8,2308,40,0.18732,-0.416895,1
8,2308,41,0.014526,0.170699,1
8,2308,42,-0.001429,-0.01764,1
8,2308,43,0.002236,0.004811,1
8,2308,44,0.002497,-0.005556,1
8,2308,45,-0.004601,-0.004131,1
8,2308,46,0.000381,0.000484,1
8,2308,47,-0.00626,-0.006131,1
8,2308,48,0.026514,0.022766,1
8,2308,49,-0.255569,-0.225433,1
8,2308,50,0.172335,0.049959,1
8,2308,51,0.062126,-0.034135,1
8,2308,52,0.007128,0.001771,1
8,2308,53,0.006506,-0.004101,1
8,2308,54,-0.009506,0.008558,1
8,2308,55,0.000006,-0.000015,1
8,2308,56,-0.000462,-0.000101,1
8,2308,57,-0.000691,0.001093,1
8,2308,58,-0.010579,-0.000922,1
8,2308,59,-0.001295,0.006602,1
8,2308,60,-0.06721,0.082136,1
8,2308,61,-0.008988,0.00302,1
8,2308,62,-0.005198,0.002436,1
8,2308,63,-0.003399,-0.000496,1
8,2308,64,-0.001811,0.002471,1
8,2308,65,0.000023,0.002291,1
8,2564,0,-0.096088,-0.226396,1
8,2564,1,-0.050833,0.07749,1
8,2564,2,0.186045,-0.032932,1
8,2564,3,2.022254,0.271304,1
8,2564,4,0.079583,0.244408,1
8,2564,5,0.032355,-0.028187,1
8,2564,6,-0.003459,0.005691,1
8,2564,7,0.068449,-0.105708,1
8,2564,8,-0.190143,0.033839,1
8,2564,9,-0.02974,0.004363,1
8,2564,10,-3.671152,-0.491637,1
8,2564,11,0.246875,0.03626,1
8,2564,12,0.070542,0.079088,1
8,2564,13,-0.052652,0.045379,1
8,2564,14,-0.001415,0.002345,1
8,2564,15,0.000251,-0.000065,1
8,2564,16,0.007016,-0.010928,1
8,2564,17,0.010423,-0.013269,1
8,2564,18,-0.044458,0.020121,1
8,2564,19,-0.052323,-0.001844,1
8,2564,20,0.000073,-0.000344,1
8,2564,21,-0.783613,-0.100935,1
8,2564,22,-0.122869,-0.018034,1
8,2564,23,-0.260366,-0.034481,1
8,2564,24,-0.012807,-0.039804,1
8,2564,25,0.002079,-0.000559,1
8,2564,26,0.002605,-0.006669,1
8,2564,27,0.000069,-0.000148,1
8,2564,28,0.000155,0.000009,1
8,2564,29,-0.00095,0.000395,1
8,2564,30,-0.001609,0.001371,1
8,2564,31,-0.022368,0.033353,1
8,2564,32,0.081583,-0.016496,1
8,2564,33,-0.002304,0.000622,1
8,2564,34,0.000545,0.000669,1
8,2564,35,0.02582,-0.001623,1
8,2564,36,0.056324,0.006916,1
8,2564,37,-0.041825,-0.005202,1
8,2564,38,0.0261,0.003222,1
8,2564,39,-0.032138,-0.003948,1
8,2564,40,-0.06059,-0.095899,1
8,2564,41,0.022906,-0.020856,1
8,2564,42,-0.004708,-0.00178,1
8,2564,43,0.00058,-0.000213,1
8,2564,44,-0.000204,-0.000398,1
8,2564,45,-0.0001,-0.000036,1
8,2564,46,-0.000179,-0.000397,1
8,2564,47,0.00003,0.001084,1
8,2564,48,-0.002684,0.004698,1
8,2564,49,-0.024877,0.037334,1
8,2564,50,0.095082,-0.023233,1
8,2564,51,0.016262,0.001469,1
8,2564,52,0.002914,-0.001006,1
8,2564,53,0.004943,-0.000293,1
8,2564,54,-0.009459,0.000393,1
8,2564,55,0.000206,0.000001,1
8,2564,56,-0.00019,-0.000029,1
8,2564,57,-0.00072,0.00003,1
8,2564,58,-0.003103,-0.000563,1
8,2564,59,-0.011935,-0.001243,1
8,2564,60,-0.029711,-0.040345,1
8,2564,61,0.014189,-0.012701,1
8,2564,62,-0.00193,0.000898,1
8,2564,63,-0.000023,-0.000374,1
8,2564,64,-0.001261,-0.001422,1
8,2564,65,0.000485,-0.000378,1
8,2692,0,-0.055866,-0.086541,1
8,2692,1,-0.078498,0.064307,1
8,2692,2,0.10938,-0.03964,1
8,2692,3,2.189542,1.380728,1
8,2692,4,0.041586,0.102903,1
8,2692,5,0.043014,-0.018953,1
8,2692,6,-0.004401,-0.001232,1
8,2692,7,0.103865,-0.088438,1
8,2692,8,-0.116233,0.038203,1
8,2692,9,-0.013292,0.00711,1
8,2692,10,-3.975199,-2.503775,1
8,2692,11,0.264917,0.168854,1
8,2692,12,0.048405,0.015134,1
8,2692,13,-0.068583,0.030804,1
8,2692,14,-0.000624,0.000795,1
8,2692,15,0.00033,0.000272,1
8,2692,16,0.008895,0.002088,1
8,2692,17,0.019645,-0.009632,1
8,2692,18,-0.023189,0.018622,1
8,2692,19,-0.033154,0.004879,1
8,2692,20,0.000372,-0.000016,1
8,2692,21,-0.851872,-0.534663,1
8,2692,22,-0.13301,-0.090092,1
8,2692,23,-0.282283,-0.17774,1
8,2692,24,-0.007157,-0.015479,1
8,2692,25,-0.000535,-0.001074,1
8,2692,26,0.001018,-0.002336,1
8,2692,27,-0.000068,-0.000126,1
8,2692,28,0.000135,0.000015,1
8,2692,29,-0.001271,-0.000427,1
8,2692,30,-0.001815,-0.000484,1
8,2692,31,-0.035298,0.027487,1
8,2692,32,0.047504,-0.019102,1
8,2692,33,-0.000357,0.000927,1
8,2692,34,-0.00049,-0.000147,1
8,2692,35,0.013894,-0.004405,1
8,2692,36,0.061485,0.038337,1
8,2692,37,-0.045659,-0.028698,1
8,2692,38,0.028978,0.020013,1
8,2692,39,-0.035093,-0.021916,1
8,2692,40,-0.038797,-0.029565,1
8,2692,41,0.032242,-0.013609,1
8,2692,42,-0.002698,-0.000178,1
8,2692,43,0.001183,-0.000081,1
8,2692,44,-0.000162,-0.0001,1
8,2692,45,-0.000126,0.000041,1
8,2692,46,0.000042,-0.000435,1
8,2692,47,-0.000254,0.001224,1
8,2692,48,-0.003241,-0.002079,1
8,2692,49,-0.040298,0.030345,1
8,2692,50,0.054477,-0.024818,1
8,2692,51,0.011436,-0.000771,1
8,2692,52,0.002066,-0.000692,1
8,2692,53,0.002655,-0.000836,1
8,2692,54,-0.005076,0.001521,1
8,2692,55,0.000213,0.000135,1
8,2692,56,-0.000165,0.000012,1
8,2692,57,-0.000853,-0.000351,1
8,2692,58,-0.002641,0.001052,1
8,2692,59,-0.013335,-0.008159,1
8,2692,60,-0.019491,-0.011031,1
8,2692,61,0.020205,-0.008283,1
8,2692,62,-0.000881,0.000052,1
8,2692,63,-0.000033,-0.000219,1
8,2692,64,-0.000674,-0.000535,1
8,2692,65,0.000629,-0.000263,1
8,2820,0,0.014899,-0.111617,1
8,2820,1,-0.039371,0.035799,1
8,2820,2,-0.008652,-0.047315,1
8,2820,3,1.898815,0.210805,1
8,2820,4,-0.027783,0.135776,1
8,2820,5,0.007753,-0.016874,1
8,2820,6,-0.001459,0.000846,1
8,2820,7,0.064912,-0.058888,1
8,2820,8,0.013421,0.057185,1
8,2820,9,0.002752,0.016944,1
8,2820,10,-3.414538,-0.378961,1
8,2820,11,0.243912,0.027223,1
8,2820,12,0.013809,0.041155,1
8,2820,13,-0.015549,0.033929,1
8,2820,14,-0.000375,-0.00021,1
8,2820,15,-0.00009,0.000245,1
8,2820,16,0.004148,-0.002631,1
8,2820,17,-0.004711,0.004052,1
8,2820,18,-0.000308,-0.007352,1
8,2820,19,-0.005381,0.006936,1
8,2820,20,0.000066,-0.000265,1
8,2820,21,-0.690913,-0.076515,1
8,2820,22,-0.135517,-0.015349,1
8,2820,23,-0.238637,-0.026474,1
8,2820,24,0.002824,-0.062474,1
8,2820,25,0.004784,-0.010635,1
8,2820,26,0.000869,-0.001141,1
8,2820,27,0.000024,-0.000062,1
8,2820,28,0.000114,-0.000099,1
8,2820,29,-0.000753,0.000197,1
8,2820,30,-0.001821,0.001045,1
8,2820,31,-0.033142,0.030116,1
8,2820,32,-0.007682,-0.036106,1
8,2820,33,0.003005,0.003513,1
8,2820,34,-0.000377,-0.000301,1
8,2820,35,-0.000269,-0.009628,1
8,2820,36,0.046352,0.005117,1
8,2820,37,-0.034465,-0.003816,1
8,2820,38,0.022767,0.002694,1
8,2820,39,-0.026486,-0.002924,1
8,2820,40,-0.003692,-0.052585,1
8,2820,41,0.008447,-0.018229,1
8,2820,42,-0.000819,-0.000913,1
8,2820,43,0.000321,-0.000657,1
8,2820,44,-0.000052,-0.000156,1
8,2820,45,-0.000166,0.000161,1
8,2820,46,0.000462,-0.00051,1
8,2820,47,-0.000008,0.000512,1
8,2820,48,-0.001375,0.000657,1
8,2820,49,-0.007727,0.007384,1
8,2820,50,-0.001819,-0.009341,1
8,2820,51,0.002576,0.000675,1
8,2820,52,0.000262,-0.000557,1
8,2820,53,-0.000051,-0.001812,1
8,2820,54,0.000103,0.003372,1
8,2820,55,0.00009,0.00001,1
8,2820,56,-0.000005,0.000001,1
8,2820,57,-0.000421,-0.000032,1
8,2820,58,-0.000199,0.000041,1
8,2820,59,0.002723,0.000321,1
8,2820,60,-0.002143,0.029594,1
8,2820,61,-0.001576,0.003544,1
8,2820,62,-0.000372,-0.000199,1
8,2820,63,-0.000066,0.000121,1
8,2820,64,-0.000116,-0.002125,1
8,2820,65,0.000128,-0.000273,1
8,2948,0,-0.044407,0.019835,1
8,2948,1,-0.130014,0.021284,1
8,2948,2,0.012568,-0.084035,1
8,2948,3,0.720739,-1.305493,1
8,2948,4,0.014093,-0.028062,1
8,2948,5,0.035721,-0.039652,1
8,2948,6,-0.001729,0.007077,1
8,2948,7,0.175595,-0.027129,1
8,2948,8,-0.005842,0.08902,1
8,2948,9,-0.005526,0.022076,1
8,2948,10,-1.308936,2.364279,1
8,2948,11,0.082138,-0.160844,1
8,2948,12,0.071276,0.00362,1
8,2948,13,-0.058016,0.063419,1
8,2948,14,-0.001486,-0.001365,1
8,2948,15,0.000436,0.000272,1
8,2948,16,0.004171,-0.013614,1
8,2948,17,0.029193,-0.007788,1
8,2948,18,-0.004722,0.009866,1
8,2948,19,-0.009059,0.013536,1
8,2948,20,0.000471,-0.000029,1
8,2948,21,-0.285779,0.50024,1
8,2948,22,-0.040944,0.085195,1
8,2948,23,-0.093442,0.167355,1
8,2948,24,-0.00884,0.003406,1
8,2948,25,0.000798,0.001445,1
8,2948,26,0.002354,0.003165,1
8,2948,27,0.000006,-0.000124,1
8,2948,28,0.000273,-0.000057,1
8,2948,29,-0.002253,-0.000636,1
8,2948,30,-0.00027,0.002116,1
8,2948,31,-0.06269,0.010577,1
8,2948,32,0.006339,-0.037744,1
8,2948,33,-0.000351,0.00299,1
8,2948,34,-0.001125,-0.000556,1
8,2948,35,0.004616,-0.013376,1
8,2948,36,0.021062,-0.035513,1
8,2948,37,-0.015496,0.026561,1
8,2948,38,0.009701,-0.017838,1
8,2948,39,-0.012027,0.020293,1
8,2948,40,-0.046735,0.004036,1
8,2948,41,0.028391,-0.03285,1
8,2948,42,-0.003793,-0.001096,1
8,2948,43,0.001457,-0.001338,1
8,2948,44,-0.000614,0.000063,1
8,2948,45,-0.000491,0.000038,1
8,2948,46,0.001421,-0.000076,1
8,2948,47,-0.000853,0.000713,1
8,2948,48,-0.000059,0.007206,1
8,2948,49,-0.066209,0.012132,1
8,2948,50,0.00727,-0.037848,1
8,2948,51,0.002599,-0.000634,1
8,2948,52,0.001013,-0.000969,1
8,2948,53,0.000881,-0.00252,1
8,2948,54,-0.00171,0.00464,1
8,2948,55,-0.000042,0.000114,1
8,2948,56,-0.000092,-0.000028,1
8,2948,57,-0.000396,0.000168,1
8,2948,58,-0.001215,-0.000292,1
8,2948,59,-0.004498,0.006309,1
8,2948,60,-0.021913,0.000447,1
8,2948,61,0.01572,-0.018455,1
8,2948,62,-0.001815,-0.001537,1
8,2948,63,0.000291,-0.00064,1
8,2948,64,-0.001797,0.000085,1
8,2948,65,0.000383,-0.000407,1
8,3052,0,0.079842,0.05181,1
8,3052,1,0.018798,-0.036376,1
8,3052,2,-0.075114,-0.013146,1
8,3052,3,-1.144331,-1.398987,1
8,3052,4,-0.087402,-0.060487,1
8,3052,5,-0.029191,-0.005156,1
8,3052,6,0.00303,0.003038,1
8,3052,7,-0.025645,0.050655,1
8,3052,8,0.092356,0.020837,1
8,3052,9,0.009373,-0.001885,1
8,3052,10,2.068803,2.529087,1
8,3052,11,-0.14193,-0.171034,1
8,3052,12,-0.031337,-0.013969,1
8,3052,13,0.04911,0.008607,1
8,3052,14,-0.00075,-0.000147,1
8,3052,15,0.000238,-0.000101,1
8,3052,16,-0.006353,-0.005805,1
8,3052,17,-0.004792,0.007373,1
8,3052,18,0.008198,0.000515,1
8,3052,19,0.011713,0.000751,1
8,3052,20,-0.000106,-0.000132,1
8,3052,21,0.432813,0.532739,1
8,3052,22,0.07482,0.092512,1
8,3052,23,0.145932,0.178794,1
8,3052,24,0.021059,0.013361,1
8,3052,25,-0.002528,-0.000277,1
8,3052,26,0.003049,0.001088,1
8,3052,27,0.000058,-0.000035,1
8,3052,28,0.000146,0.000035,1
8,3052,29,-0.000343,-0.000223,1
8,3052,30,0.001775,0.001697,1
8,3052,31,0.0108,-0.020994,1
8,3052,32,-0.040436,-0.007013,1
8,3052,33,0.000682,-0.000631,1
8,3052,34,-0.000637,0.000235,1
8,3052,35,-0.007092,0.000609,1
8,3052,36,-0.030336,-0.037593,1
8,3052,37,0.022884,0.028155,1
8,3052,38,-0.01455,-0.019096,1
8,3052,39,0.017328,0.021488,1
8,3052,40,0.038472,0.021696,1
8,3052,41,-0.025911,-0.00469,1
8,3052,42,-0.000244,0.000132,1
8,3052,43,-0.00104,-0.000063,1
8,3052,44,-0.000005,0.00002,1
8,3052,45,-0.0001,-0.000052,1
8,3052,46,-0.000426,0.000206,1
8,3052,47,0.000373,-0.00035,1
8,3052,48,0.002911,0.003509,1
8,3052,49,0.00993,-0.018163,1
8,3052,50,-0.033642,-0.005572,1
8,3052,51,-0.003324,-0.000829,1
8,3052,52,-0.000479,-0.0004,1
8,3052,53,-0.00135,0.000126,1
8,3052,54,0.00262,-0.000286,1
8,3052,55,-0.000047,-0.000085,1
8,3052,56,0.00004,-0.00004,1
8,3052,57,0.000173,0.000335,1
8,3052,58,0.000832,-0.00037,1
8,3052,59,0.003884,0.005144,1
8,3052,60,0.007971,0.003765,1
8,3052,61,-0.010908,-0.002008,1
8,3052,62,-0.000572,0.000063,1
8,3052,63,0.000078,-0.000074,1
8,3052,64,0.000852,0.000458,1
8,3052,65,-0.000275,-0.000063,1
8,3180,0,0.067917,-0.197103,1
8,3180,1,0.004994,-0.184413,1
8,3180,2,-0.051505,0.013182,1
8,3180,3,-3.152191,-4.217716,1
8,3180,4,-0.069505,0.170691,1
8,3180,5,-0.03926,0.032762,1
8,3180,6,0.00498,0.017815,1
8,3180,7,-0.008206,0.252106,1
8,3180,8,0.063282,-0.005445,1
8,3180,9,0.002437,-0.017092,1
8,3180,10,5.707863,7.629956,1
8,3180,11,-0.383316,-0.52217,1
8,3180,12,-0.03197,0.146875,1
8,3180,13,0.063774,-0.055653,1
8,3180,14,-0.000696,-0.003312,1
8,3180,15,-0.000278,-0.000624,1
8,3180,16,-0.010038,-0.033882,1
8,3180,17,0.001419,0.039559,1
8,3180,18,-0.002257,-0.010487,1
8,3180,19,0.022213,0.01671,1
8,3180,20,-0.000444,0.000229,1
8,3180,21,1.209488,1.605583,1
8,3180,22,0.200201,0.282627,1
8,3180,23,0.404117,0.53935,1
8,3180,24,0.013825,-0.047921,1
8,3180,25,0.000928,0.004836,1
8,3180,26,0.001798,0.006583,1
8,3180,27,-0.000294,0.000317,1
8,3180,28,-0.000059,0.001623,1
8,3180,29,0.000613,0.000738,1
8,3180,30,0.002785,0.00521,1
8,3180,31,0.00252,-0.094474,1
8,3180,32,-0.022772,0.008423,1
8,3180,33,-0.001251,-0.006329,1
8,3180,34,0.00079,-0.000936,1
8,3180,35,-0.006705,0.004081,1
8,3180,36,-0.086088,-0.11321,1
8,3180,37,0.063168,0.083441,1
8,3180,38,-0.04164,-0.058391,1
8,3180,39,0.049181,0.064708,1
8,3180,40,0.035414,-0.125196,1
8,3180,41,-0.033318,0.025107,1
8,3180,42,-0.000889,-0.002576,1
8,3180,43,-0.001279,0.000728,1
8,3180,44,0.001342,-0.004775,1
8,3180,45,0.000043,-0.002176,1
8,3180,46,0.000111,0.002587,1
8,3180,47,-0.000593,-0.000904,1
8,3180,48,0.00495,0.020443,1
8,3180,49,0.000641,-0.094243,1
8,3180,50,-0.019085,0.010449,1
8,3180,51,-0.008858,-0.010383,1
8,3180,52,-0.00052,0.000519,1
8,3180,53,-0.001198,0.000755,1
8,3180,54,0.001901,-0.001274,1
8,3180,55,0.000631,0.000816,1
8,3180,56,0.000094,-0.000129,1
8,3180,57,0.000191,-0.000128,1
8,3180,58,0.002041,-0.002655,1
8,3180,59,0.014745,0.018417,1
8,3180,60,0.011875,-0.043934,1
8,3180,61,-0.017415,0.011791,1
8,3180,62,-0.000745,-0.003548,1
8,3180,63,-0.000123,0.000009,1
8,3180,64,0.001648,-0.005412,1
8,3180,65,-0.000759,0.000523,1
8,3436,0,0.296307,-0.06845,1
8,3436,1,-0.08748,0.005188,1
8,3436,2,-0.07605,0.127293,1
8,3436,3,-0.377756,1.484081,1
8,3436,4,-0.313458,0.086305,1
8,3436,5,0.022567,0.003978,1
8,3436,6,-0.004163,0.005132,1
8,3436,7,0.11761,-0.010516,1
8,3436,8,0.074667,-0.146951,1
8,3436,9,0.025978,-0.015479,1
8,3436,10,0.684921,-2.694318,1
8,3436,11,-0.045068,0.180019,1
8,3436,12,-0.113206,0.003935,1
8,3436,13,-0.035752,-0.007622,1
8,3436,14,-0.000634,-0.00098,1
8,3436,15,0.000215,0.000434,1
8,3436,16,0.008094,-0.009386,1
8,3436,17,0.018469,0.005717,1
8,3436,18,0.013762,-0.029278,1
8,3436,19,0.006217,-0.013806,1
8,3436,20,0.000329,0.00028,1
8,3436,21,0.147767,-0.576976,1
8,3436,22,0.024995,-0.090634,1
8,3436,23,0.048793,-0.191294,1
8,3436,24,0.050774,-0.011878,1
8,3436,25,-0.000825,0.003023,1
8,3436,26,0.003391,0.001786,1
8,3436,27,-0.000081,0.000196,1
8,3436,28,-0.000154,-0.00002,1
8,3436,29,-0.00074,-0.001148,1
8,3436,30,-0.001022,0.000796,1
8,3436,31,-0.03875,0.000746,1
8,3436,32,-0.032509,0.055608,1
8,3436,33,0.003607,-0.001704,1
8,3436,34,-0.000858,-0.00015,1
8,3436,35,-0.012893,0.010374,1
8,3436,36,-0.010691,0.041596,1
8,3436,37,0.008124,-0.030899,1
8,3436,38,-0.005823,0.019773,1
8,3436,39,0.006128,-0.023748,1
8,3436,40,0.130861,-0.020108,1
8,3436,41,0.017231,0.00116,1
8,3436,42,0.004831,-0.001464,1
8,3436,43,0.00075,-0.000359,1
8,3436,44,0.000678,0.00002,1
8,3436,45,0.000075,-0.000105,1
8,3436,46,0.000848,0.000167,1
8,3436,47,-0.001314,0.000624,1
8,3436,48,-0.002648,0.005535,1
8,3436,49,-0.043819,-0.000723,1
8,3436,50,-0.036506,0.064781,1
8,3436,51,0.003181,0.003331,1
8,3436,52,-0.001172,0.002051,1
8,3436,53,-0.002495,0.001967,1
8,3436,54,0.005065,-0.00368,1
8,3436,55,-0.00004,0.000146,1
8,3436,56,-0.000101,-0.000091,1
8,3436,57,0.000027,-0.000631,1
8,3436,58,-0.000933,-0.001695,1
8,3436,59,0.00236,-0.009109,1
8,3436,60,0.05622,-0.006625,1
8,3436,61,0.010789,0.000633,1
8,3436,62,0.001194,-0.001872,1
8,3436,63,-0.000076,-0.000113,1
8,3436,64,0.001766,-0.000791,1
8,3436,65,0.000334,0.000135,1
8,3564,0,0.204534,-0.092675,1
8,3564,1,-0.067117,0.00315,1
8,3564,2,-0.024139,0.103937,1
8,3564,3,-0.34502,1.206504,1
8,3564,4,-0.211767,0.103365,1
8,3564,5,0.015605,-0.014722,1
8,3564,6,0.001732,-0.002853,1
8,3564,7,0.090723,-0.011374,1
8,3564,8,0.017374,-0.109262,1
8,3564,9,0.015831,-0.018007,1
8,3564,10,0.624004,-2.186957,1
8,3564,11,-0.043932,0.152886,1
8,3564,12,-0.085117,0.026169,1
8,3564,13,-0.025194,0.021658,1
8,3564,14,-0.001445,0.002024,1
8,3564,15,0.000304,0.000061,1
8,3564,16,-0.003008,0.005528,1
8,3564,17,0.013219,0.012973,1
8,3564,18,0.001467,-0.022303,1
8,3564,19,0.002959,-0.0233,1
8,3564,20,0.000352,-0.000467,1
8,3564,21,0.131252,-0.460185,1
8,3564,22,0.025814,-0.080065,1
8,3564,23,0.044162,-0.154556,1
8,3564,24,0.034126,-0.014306,1
8,3564,25,0.000537,0.004461,1
8,3564,26,0.004559,-0.004932,1
8,3564,27,-0.00006,0.000319,1
8,3564,28,-0.000137,0.000022,1
8,3564,29,-0.000957,-0.000157,1
8,3564,30,0.000506,-0.001158,1
8,3564,31,-0.029588,-0.001253,1
8,3564,32,-0.009528,0.044674,1
8,3564,33,0.002023,-0.001585,1
8,3564,34,-0.000759,0.001567,1
8,3564,35,-0.007561,0.013612,1
8,3564,36,-0.009187,0.032461,1
8,3564,37,0.006949,-0.024149,1
8,3564,38,-0.00556,0.016462,1
8,3564,39,0.005274,-0.018537,1
8,3564,40,0.094023,-0.037657,1
8,3564,41,0.011315,-0.013429,1
8,3564,42,0.002778,-0.000063,1
8,3564,43,0.000562,-0.00116,1
8,3564,44,0.000511,-0.000109,1
8,3564,45,0.000016,-0.000074,1
8,3564,46,0.000771,0.000001,1
8,3564,47,-0.000787,-0.000074,1
8,3564,48,0.003,-0.002584,1
8,3564,49,-0.033239,-0.005162,1
8,3564,50,-0.010169,0.052224,1
8,3564,51,0.00273,0.006198,1
8,3564,52,-0.000317,0.000955,1
8,3564,53,-0.001473,0.002606,1
8,3564,54,0.003057,-0.004982,1
8,3564,55,-0.000036,0.000122,1
8,3564,56,-0.000114,-0.000084,1
8,3564,57,0.000047,-0.000425,1
8,3564,58,-0.001665,0.000084,1
8,3564,59,0.001839,-0.006607,1
8,3564,60,0.041355,-0.015953,1
8,3564,61,0.006964,-0.008655,1
8,3564,62,-0.000399,0.001612,1
8,3564,63,-0.000237,0.000086,1
8,3564,64,0.001103,-0.000638,1
8,3564,65,0.000257,-0.000168,1
8,3692,0,0.020175,-0.071003,1
8,3692,1,-0.002257,0.001676,1
8,3692,2,0.024361,0.083862,1
8,3692,3,-0.357348,0.456988,1
8,3692,4,-0.030587,0.08067,1
8,3692,5,0.003767,0.008727,1
8,3692,6,0.001205,0.000249,1
8,3692,7,0.006136,-0.002633,1
8,3692,8,-0.019904,-0.073528,1
8,3692,9,-0.009914,-0.041268,1
8,3692,10,0.6442,-0.824817,1
8,3692,11,-0.044419,0.056302,1
8,3692,12,0.006192,0.025195,1
8,3692,13,-0.006644,-0.015756,1
8,3692,14,-0.000362,-0.000142,1
8,3692,15,0.000011,0.000051,1
8,3692,16,-0.002412,-0.000357,1
8,3692,17,-0.005708,0.000172,1
8,3692,18,-0.002198,-0.000605,1
8,3692,19,-0.011385,-0.020788,1
8,3692,20,0.000072,0.000204,1
8,3692,21,0.133891,-0.172012,1
8,3692,22,0.025828,-0.030893,1
8,3692,23,0.045402,-0.058143,1
8,3692,24,0.005118,-0.023154,1
8,3692,25,0.000885,0.002901,1
8,3692,26,0.000927,-0.000168,1
8,3692,27,-0.000006,0.000024,1
8,3692,28,-0.000004,-0.000016,1
8,3692,29,-0.000077,-0.00013,1
8,3692,30,0.000549,-0.000292,1
8,3692,31,0.00065,0.00108,1
8,3692,32,0.014502,0.047024,1
8,3692,33,-0.000593,-0.007669,1
8,3692,34,0.000014,-0.000212,1
8,3692,35,0.007256,0.024126,1
8,3692,36,-0.009291,0.012004,1
8,3692,37,0.0069,-0.008751,1
8,3692,38,-0.005451,0.006202,1
8,3692,39,0.00531,-0.006854,1
8,3692,40,0.002464,-0.034294,1
8,3692,41,0.003523,0.007674,1
8,3692,42,-0.000597,-0.000032,1
8,3692,43,0.000231,0.000394,1
8,3692,44,0.000054,-0.000828,1
8,3692,45,0.000018,0.000006,1
8,3692,46,-0.000056,-0.000003,1
8,3692,47,0.00003,0.000001,1
8,3692,48,0.001568,0.00067,1
8,3692,49,0.002068,0.000367,1
8,3692,50,0.010525,0.033213,1
8,3692,51,0.002393,-0.001298,1
8,3692,52,0.000137,0.000352,1
8,3692,53,0.001351,0.0045,1
8,3692,54,-0.002448,-0.008164,1
8,3692,55,0.00005,-0.000065,1
8,3692,56,-0.000024,-0.000035,1
8,3692,57,-0.000056,-0.000091,1
8,3692,58,-0.000826,-0.000055,1
8,3692,59,0.000883,-0.001258,1
8,3692,60,-0.001466,-0.002464,1
8,3692,61,0.00096,0.001777,1
8,3692,62,-0.000306,-0.000315,1
8,3692,63,-0.000064,-0.00011,1
8,3692,64,0.000218,-0.002375,1
8,3692,65,0.000051,0.0001,1
8,3820,0,0.163633,-0.07384,1
8,3820,1,-0.033968,0.057059,1
8,3820,2,-0.037892,0.00421,1
8,3820,3,-1.170525,-0.078788,1
8,3820,4,-0.172582,0.070108,1
8,3820,5,-0.019756,-0.011314,1
8,3820,6,0.013182,-0.000697,1
8,3820,7,0.048567,-0.072071,1
8,3820,8,0.044635,0.001304,1
8,3820,9,0.010946,-0.008859,1
8,3820,10,2.119764,0.143538,1
8,3820,11,-0.146537,-0.010704,1
8,3820,12,-0.062722,0.040532,1
8,3820,13,0.030161,0.0178,1
8,3820,14,-0.002719,-0.001409,1
8,3820,15,0.00052,0.000246,1
8,3820,16,-0.024649,0.001257,1
8,3820,17,0.001754,-0.020791,1
8,3820,18,0.003557,-0.002193,1
8,3820,19,-0.004088,0.004544,1
8,3820,20,0.000218,0.000025,1
8,3820,21,0.448626,0.028825,1
8,3820,22,0.081882,0.003172,1
8,3820,23,0.150179,0.009959,1
8,3820,24,0.026608,-0.01146,1
8,3820,25,0.003344,0.000573,1
8,3820,26,0.00698,0.002576,1
8,3820,27,-0.000069,-0.000122,1
8,3820,28,-0.000237,0.000037,1
8,3820,29,-0.001386,-0.000404,1
8,3820,30,0.00361,-0.000748,1
8,3820,31,-0.014426,0.026804,1
8,3820,32,-0.015302,0.001764,1
8,3820,33,0.00149,-0.001577,1
8,3820,34,-0.000586,-0.000198,1
8,3820,35,-0.003843,0.002773,1
8,3820,36,-0.031745,-0.001955,1
8,3820,37,0.023832,0.001614,1
8,3820,38,-0.017751,-0.000059,1
8,3820,39,0.018178,0.00111,1
8,3820,40,0.073164,-0.039132,1
8,3820,41,-0.016448,-0.008478,1
8,3820,42,0.001014,-0.002968,1
8,3820,43,-0.000247,0.000026,1
8,3820,44,0.000374,-0.000191,1
8,3820,45,0.000014,0.000063,1
8,3820,46,0.000976,-0.000507,1
8,3820,47,-0.000084,0.001343,1
8,3820,48,0.0142,-0.001397,1
8,3820,49,-0.014555,0.033051,1
8,3820,50,-0.016831,0.00298,1
8,3820,51,0.004303,-0.003946,1
8,3820,52,-0.000388,0.000491,1
8,3820,53,-0.000741,0.000543,1
8,3820,54,0.001524,-0.001165,1
8,3820,55,-0.000122,-0.000013,1
8,3820,56,-0.000166,0.00001,1
8,3820,57,0.000253,-0.000165,1
8,3820,58,-0.003059,0.001264,1
8,3820,59,0.006487,0.000213,1
8,3820,60,0.031968,-0.018126,1
8,3820,61,-0.010537,-0.005605,1
8,3820,62,-0.002153,-0.002031,1
8,3820,63,-0.000425,-0.000116,1
8,3820,64,0.000806,-0.000693,1
8,3820,65,-0.000284,-0.000217,1
8,3948,0,0.200436,-0.378191,1
8,3948,1,-0.031729,0.07333,1
8,3948,2,0.016321,0.049915,1
8,3948,3,0.58434,1.320828,1
8,3948,4,-0.221616,0.384883,1
8,3948,5,0.016564,-0.017062,1
8,3948,6,-0.003164,0.004273,1
8,3948,7,0.048272,-0.098701,1
8,3948,8,-0.018961,-0.037156,1
8,3948,9,0.005103,-0.030546,1
8,3948,10,-1.062856,-2.397223,1
8,3948,11,0.063274,0.157127,1
8,3948,12,-0.0618,0.168464,1
8,3948,13,-0.026703,0.026123,1
8,3948,14,-0.003668,-0.000078,1
8,3948,15,0.000543,0.000354,1
8,3948,16,0.006151,-0.007747,1
8,3948,17,-0.003976,-0.015397,1
8,3948,18,-0.018763,0.000154,1
8,3948,19,0.000483,-0.01071,1
8,3948,20,0.000653,-0.000054,1
8,3948,21,-0.237478,-0.517762,1
8,3948,22,-0.032564,-0.082858,1
8,3948,23,-0.07643,-0.170712,1
8,3948,24,0.035759,-0.063924,1
8,3948,25,0.000482,0.002648,1
8,3948,26,0.00953,-0.002672,1
8,3948,27,0.000072,-0.000009,1
8,3948,28,-0.000104,0.000219,1
8,3948,29,-0.00141,-0.000872,1
8,3948,30,-0.001214,-0.000112,1
8,3948,31,-0.012045,0.032652,1
8,3948,32,0.009817,0.019163,1
8,3948,33,0.000953,-0.004552,1
8,3948,34,-0.001427,-0.000103,1
8,3948,35,-0.0022,0.015853,1
8,3948,36,0.017934,0.037644,1
8,3948,37,-0.013265,-0.027938,1
8,3948,38,0.008911,0.019322,1
8,3948,39,-0.010243,-0.021504,1
8,3948,40,0.080492,-0.178509,1
8,3948,41,0.012045,-0.013962,1
8,3948,42,-0.000377,-0.007059,1
8,3948,43,0.000204,-0.000408,1
8,3948,44,0.000508,-0.001035,1
8,3948,45,0.0001,-0.000224,1
8,3948,46,0.000342,-0.000869,1
8,3948,47,0.000281,0.002135,1
8,3948,48,-0.002462,0.003496,1
8,3948,49,-0.010493,0.036722,1
8,3948,50,0.016153,0.019575,1
8,3948,51,0.001314,-0.002437,1
8,3948,52,0.001053,0.001535,1
8,3948,53,-0.00045,0.003085,1
8,3948,54,0.00112,-0.006366,1
8,3948,55,0.000055,0.000127,1
8,3948,56,-0.000032,-0.000061,1
8,3948,57,-0.000362,-0.000636,1
8,3948,58,-0.00017,0.000499,1
8,3948,59,-0.004495,-0.008517,1
8,3948,60,0.033225,-0.079029,1
8,3948,61,0.007458,-0.009014,1
8,3948,62,-0.002697,-0.002587,1
8,3948,63,0.000061,-0.000078,1
8,3948,64,0.00054,-0.002124,1
8,3948,65,0.000259,-0.000296,1